,Date,Open,High,Low,Close,Volume,Dividends,Stock Splits,SMA,WMA,Momentum,Stochastic_K,Stochastic_D,RSI,MACD,MACD_Signal,Williams_R,A/D_Oscillator,CCI,Logistic Regression_pred,XGBoost_pred,Random Forest_pred,LightGBM_pred,Logistic Regression_prob_class0,Logistic Regression_prob_class1,XGBoost_prob_class0,XGBoost_prob_class1,Random Forest_prob_class0,Random Forest_prob_class1,LightGBM_prob_class0,LightGBM_prob_class1
1023,2024-01-26 05:00:00+00:00,193.53559358997015,194.02373148453705,191.2144000061864,191.6925811767578,44594000,0.0,0.0,189.53876190185548,191.47106572931463,6.804168701171847,75.37305097633124,74.63991654781348,68.13591913959738,0.8363893080716309,-0.27209348837782354,-24.62694902366875,0.2092106642393441,35.72597358439375,0,0,0,0,0.33680758013473083,0.3263848397305383,0.99742895,1.282322e-05,0.85,0.0,0.9999902300939042,1.1326418042033027e-07
1024,2024-01-29 05:00:00+00:00,191.28412827236747,191.4734124368057,188.8633218352395,191.00518798828125,47145600,0.0,0.0,190.11756439208986,191.73768865411932,5.78802490234375,71.08199409094553,77.70735838603196,65.1380576941803,0.8425293493313859,-0.04916892083598165,-28.91800590905447,-0.08396978243613921,16.89693417107919,0,0,0,0,0.3361342292865638,0.32773154142687244,0.9996439,1.581449e-05,0.96,0.0,0.999999472611446,3.234636097580753e-08
1025,2024-01-30 05:00:00+00:00,190.21819361481357,191.07494317235535,186.7613100094732,187.3291473388672,55859400,0.0,0.0,190.55689697265626,191.23070373535157,4.3933258056640625,48.13428409896056,78.33699462773173,60.70907582841437,0.5444930409710196,0.0695634715254186,-51.86571590103944,0.01617086605192226,-74.5341426694509,1,0,0,0,0.332576321738652,0.33484735652269615,0.99948585,1.4334234e-05,0.96,0.0,0.9999986176550386,3.1439066402375776e-07
1026,2024-01-31 05:00:00+00:00,186.3329308453054,186.3927167977895,183.65311255154307,183.70291137695312,55467800,0.0,0.0,190.7282470703125,189.98452453613282,1.7135009765624716,0.41552658685621857,74.7303069232498,53.694166101940176,0.015511377448007124,0.058753052709936304,-99.58447341314378,-0.34181234109295877,-176.92806430846827,1,0,0,0,0.32542630590637195,0.34914738818725605,0.9999449,3.1276184e-05,0.9,0.09,0.9999994844259295,5.059075964405308e-07
1027,2024-02-01 05:00:00+00:00,183.2944796333469,186.2432816186692,183.12512409780064,186.15362548828125,64885400,0.0,0.0,190.55191802978516,189.1527751575817,-1.7632904052734375,24.20381028167638,67.71924484214665,45.528092844344876,-0.20361115207171565,0.006280211753605915,-75.79618971832363,0.8147023441613853,-101.31931120309918,1,0,0,0,0.32894709323837373,0.34210581352325253,0.99445987,0.0054354826,0.84,0.16,0.9986240878693335,0.0013754204692967278
1028,2024-02-02 05:00:00+00:00,179.18006916709078,186.6218312646208,178.57237456471196,185.14743041992188,102518000,0.0,0.0,189.9830780029297,188.17014104669744,-5.6884002685546875,38.52892061766441,61.90320660886903,34.02356898028037,-0.4532342658144728,-0.08562268376000982,-61.47107938233559,0.058166133913714675,-91.58841123040283,1,0,0,0,0.3311093731045975,0.337781253790805,0.99922323,0.0006803866,0.97,0.02,0.9999972421950529,2.633079011918953e-06
1029,2024-02-05 05:00:00+00:00,187.43872923272855,188.5345769759108,185.13746417315204,186.9705047607422,69668800,0.0,0.0,189.3644256591797,187.6224004572088,-6.1865234375,49.211884854676846,57.78248133724982,32.1243710639139,-0.49821243582309194,-0.16814063417262626,-50.788115145323154,0.9970662596891862,-45.5503169168351,1,0,0,0,0.3327417326323718,0.33451653473525633,0.99966955,0.00025983687,0.97,0.02,0.9999718121752638,2.7983759026044853e-05
1030,2024-02-06 05:00:00+00:00,186.15360274701527,188.59433782752885,186.0639466275801,188.5843811035156,43490800,0.0,0.0,188.77864837646484,187.48057417436078,-5.857772827148494,58.66897767133674,54.01831602130437,33.389840628658646,-0.39903183585562374,-0.21431887450922577,-41.33102232866326,0.6417320242101483,-4.380156958348635,0,0,0,0,0.3342005096624825,0.331598980675035,0.99880457,0.0011861521,0.98,0.01,0.9999276372248418,7.221108097534322e-05
1031,2024-02-07 05:00:00+00:00,189.91931565385624,190.3277693633227,187.89699095716847,188.6939697265625,53439000,0.0,0.0,188.27157287597657,187.46517805619672,-5.0707550048828125,59.694413503776985,51.156915181027166,35.143049511395404,-0.3080367538619839,-0.2330624503797774,-40.30558649622301,0.71721398190522,11.680445374417253,0,0,0,0,0.3343594453912953,0.3312811092174094,0.99814594,0.0018455234,0.97,0.02,0.9999096705418553,9.031492902907908e-05
1032,2024-02-08 05:00:00+00:00,188.67404039103693,188.8234672592713,186.6417589775216,187.60809326171875,40962000,0.0,0.0,187.68878326416015,187.34454539905894,-5.8278961181640625,58.47848020010059,48.37913428823255,33.65008317572895,-0.3198565443232724,-0.2504212691684764,-41.521519799899416,0.05935602563920287,-2.9168968202562735,0,0,0,0,0.33417100005650735,0.33165799988698524,0.9996346,0.00034918234,0.97,0.01,0.9999969268561821,3.067672441087317e-06
1033,2024-02-09 05:00:00+00:00,188.17664931462195,189.51329866773185,187.52828632775376,188.37615966796875,45155200,0.24,0.0,187.35714111328124,187.46952292702414,-3.3164215087890625,75.99222016442091,48.44105120704152,40.157269930232076,-0.26420172046164225,-0.25317735942710956,-24.007779835579086,0.9597952454210589,45.39814743059017,0,0,0,0,0.33690494328008974,0.3261901134398206,0.99983275,0.00013888637,0.9,0.01,0.999999489426681,2.653836481708953e-07
1034,2024-02-12 05:00:00+00:00,187.94723765426943,188.19661038471307,186.32132258121607,186.680419921875,41781900,0.0,0.0,186.92466430664064,187.34648271040484,-4.32476806640625,64.85103670781876,47.81795546872884,37.88947265872026,-0.35285935421330805,-0.27311375838434926,-35.148963292181236,-0.09574492135066497,-13.536937094191952,0,0,0,0,0.3351609080576666,0.32967818388466685,0.99973315,0.00025791215,0.97,0.01,0.9999991985972031,7.993198772751109e-07
1035,2024-02-13 05:00:00+00:00,185.3038934455236,185.7427918879144,183.0495542133352,184.57571411132807,56529500,0.0,0.0,186.6493209838867,186.91940085671166,-2.7534332275391193,51.06880414876063,48.111407473708844,41.545624830747435,-0.5861960338718859,-0.3357302134818566,-48.93119585123937,-0.3481415854273266,-98.49550284522309,1,0,0,0,0.33302716049852665,0.33394567900294675,0.9993343,0.00065413833,0.96,0.03,0.9999889513963285,1.1044198704205702e-05
1036,2024-02-14 05:00:00+00:00,184.8550202478472,185.06448481263337,181.98224159532532,183.6879425048828,54630500,0.0,0.0,186.64782409667967,186.38096840598365,-0.0149688720703125,43.51676849488217,52.42153166451144,49.94474640232053,-0.8331487625074487,-0.43521392328697506,-56.483231505117836,0.1585762922798087,-140.41349489309442,1,0,0,0,0.33186944198871127,0.33626111602257747,0.9360984,0.06369017,0.93,0.06,0.9843027687693535,0.015697163992747103
1037,2024-02-15 05:00:00+00:00,183.08946188989523,184.02710579243293,180.8949849042452,183.398681640625,65434500,0.0,0.0,186.37232971191403,185.79021523215553,-2.75494384765625,41.05610367491374,54.10676100383519,37.90009543314854,-1.0402106130030973,-0.5562132612301995,-58.943896325086264,0.10828550354784178,-114.20131276923158,1,0,0,0,0.33149401816950314,0.3370119636609937,0.83572876,0.1641988,0.92,0.07,0.953390024555903,0.04660985715809419
1038,2024-02-16 05:00:00+00:00,182.9597697729581,184.38618960228064,181.2141607864845,181.85255432128903,49701400,0.0,0.0,186.04284210205077,184.96843788840553,-3.294876098632841,10.151503208814736,51.26901926295021,36.1839487009521,-1.313922098403964,-0.7077550286649524,-89.84849679118526,0.3113174624196439,-131.07171787926816,1,1,1,1,0.3268565189094422,0.34628696218111565,0.32525983,0.6747005,0.43,0.57,0.06981773258688825,0.9301822563398895
1039,2024-02-20 05:00:00+00:00,181.3338650577124,181.9722586285668,179.54836303345672,181.1044464111328,53665600,0.0,0.0,185.45623626708982,184.0705477627841,-5.866058349609375,14.435705734226998,47.791401350905225,22.965283091048207,-1.5730730715549157,-0.8808186372429451,-85.564294265773,0.049385092129900623,-114.56441953636094,1,1,1,1,0.32749062314910377,0.34501875370179247,0.14412013,0.8558412,0.42,0.58,0.08947225005707488,0.9105277462192853
1040,2024-02-21 05:00:00+00:00,181.48349741424192,182.4311107284463,180.20671027542917,181.862548828125,41529700,0.0,0.0,184.78405303955077,183.41715004660867,-6.721832275390597,21.468582998457688,44.07136188361732,16.368464127135596,-1.6977094181490031,-1.0441967934241567,-78.53141700154231,0.5964143351589548,-79.67603035437412,1,0,0,0,0.32853777129025585,0.3429244574194883,0.7052802,0.29465947,0.91,0.09,0.8413403032396052,0.1586596851778676
1041,2024-02-22 05:00:00+00:00,183.0196281071197,184.49592561431203,182.00219833655885,183.9073944091797,52292200,0.0,0.0,184.3053955078125,183.25775756835938,-4.7865753173828125,43.743698260626566,42.476290359302276,29.93656564157733,-1.6128902767565307,-1.1579354900906316,-56.25630173937343,1.056000313137558,-13.241802169301378,1,0,0,0,0.33190410935579273,0.3361917812884145,0.99915373,0.000821143,0.98,0.02,0.9999993352156499,6.621237103448057e-07
1042,2024-02-23 05:00:00+00:00,184.5457848212894,184.57570833046944,181.7727613535837,182.06204223632807,45119700,0.0,0.0,183.75079040527345,182.8498751553622,-5.546051025390682,25.225242742415332,39.150966613533754,28.14464009543886,-1.6752635982661843,-1.2614011117257422,-74.77475725758467,0.23843259497983452,-65.94204996885877,1,0,0,0,0.3291002430560904,0.3417995138878191,0.9957164,0.004215503,0.97,0.03,0.9999870919283509,1.2901994034783055e-05
1043,2024-02-26 05:00:00+00:00,181.78275162000105,182.30143594214888,180.19672948194207,180.70545959472656,40867400,0.0,0.0,182.9837203979492,182.2961786443537,-7.6707000732421875,13.379549800940252,32.88969957718568,21.111947545957634,-1.813257680850029,-1.3717724255505996,-86.62045019905975,0.11374208724445749,-103.5824901669609,1,1,1,1,0.3273340340293712,0.34533193194125755,0.08157658,0.9183963,0.44,0.56,0.011776281631919691,0.9882237177635084
1044,2024-02-27 05:00:00+00:00,180.6456083270148,183.45852475422748,179.10946381541714,182.17176818847656,54318900,0.0,0.0,182.53285522460936,182.1485509699041,-4.5086517333984375,46.165429172064954,31.02113882361031,32.721718618247394,-1.7837383115114562,-1.454165602742771,-53.834570827935046,0.633025197447338,-22.132299603559137,1,0,0,0,0.3322745375809667,0.33545092483806666,0.9989907,0.00097162614,0.99,0.01,0.9999667633836169,3.3232448406091544e-05
1045,2024-02-28 05:00:00+00:00,182.0520594060505,182.66052946629853,179.67804140451975,180.9647979736328,48953900,0.0,0.0,182.17176361083983,181.86344965154476,-3.6109161376952557,31.155795404969634,29.02983794923121,35.13956482150164,-1.8365656226267504,-1.5306456067195668,-68.84420459503036,0.16387702740056012,-89.8294097833328,1,0,0,0,0.32999258693253947,0.3400148261349211,0.98398983,0.015945774,0.84,0.15,0.9994278845213354,0.0005721133891765071
1046,2024-02-29 05:00:00+00:00,180.815177795749,182.11191899615903,179.0795381686922,180.2964782714844,136682600,0.0,0.0,181.8326171875,181.52248868075284,-3.391464233398409,22.1416016420912,26.892321263952113,35.785957027178185,-1.9103382714198176,-1.6065841396596172,-77.8583983579088,0.37829055379053356,-120.2187984902971,1,1,0,0,0.32863838067355255,0.34272323865289483,0.383291,0.6165751,0.58,0.42,0.7733469352422839,0.22665303526356892
1047,2024-03-01 05:00:00+00:00,179.0995039018238,180.07704077536846,176.93495035729424,179.209228515625,73488000,0.0,0.0,181.413671875,181.0455089222301,-4.189453125,29.7650856932674,25.76321946578748,33.542331023569176,-2.0330992927772797,-1.6918871702831497,-70.2349143067326,-0.06983805903664504,-153.47166672509567,1,0,0,0,0.3297828544272862,0.34043429114542767,0.75976557,0.24004225,0.63,0.36,0.7162595246329271,0.28374046939583003
1048,2024-03-04 05:00:00+00:00,175.7080130413176,176.45613120394682,173.35393394742417,174.66065979003906,81510100,0.0,0.0,180.694482421875,179.81768854314632,-7.191894531249972,11.644556359903282,25.91252478089633,27.14015217652792,-2.468959144682117,-1.8473015651629432,-88.35544364009672,-0.8874668771914914,-254.0424039809809,1,0,0,0,0.3270771779963361,0.3458456440073277,0.99431944,0.0056778174,0.82,0.18,0.9997113717113696,0.00028862828109225427
1049,2024-03-05 05:00:00+00:00,170.33155463049027,171.60834186998648,169.19441551967324,169.6931610107422,95132400,0.0,0.0,179.55335388183593,177.8174482865767,-11.411285400390625,3.242545975841988,24.79320880505783,21.39999847028139,-3.1785762059795957,-2.1135564933262736,-96.75745402415801,-1.2644619085650715,-217.70737715406273,1,0,0,0,0.3258400367514623,0.34831992649707544,0.9628546,0.03713958,0.8,0.2,0.9798948459204831,0.020105153918464874
1050,2024-03-06 05:00:00+00:00,170.6307828835121,170.81033915171824,168.2567497827471,168.69564819335938,68587700,0.0,0.0,178.23666381835938,175.84331997958097,-13.166900634765625,2.689500125444743,22.915300517756535,17.39124191305399,-3.777894570422916,-2.4464241087456022,-97.31049987455526,0.4374932612701839,-146.82649263895084,1,1,0,0,0.32575899838981875,0.3484820032203625,0.3945179,0.60545874,0.52,0.48,0.7293552625087769,0.27064473489080076
1051,2024-03-07 05:00:00+00:00,168.72557579533654,170.30161320782108,168.06724338394662,168.57595825195312,71765100,0.0,0.0,176.70352020263672,174.0868280584162,-15.331436157226562,3.0815394990050704,18.849084641594384,8.028385408616714,-4.213940981532858,-2.7999274833030534,-96.91846050099493,0.7187552379654476,-107.55586081495876,1,1,0,1,0.3258164392617974,0.34836712147640525,0.20516548,0.79481983,0.6,0.4,0.09990967420081306,0.9000903200525098
1052,2024-03-08 05:00:00+00:00,168.57595034963478,173.26415420874906,168.51610333508685,170.30160522460938,76114600,0.0,0.0,175.52747650146483,172.92284351695668,-11.760437011718693,14.517061880092077,17.77826655536206,17.592010145419977,-4.3698922177001975,-3.1139204301824823,-85.48293811990793,0.9873937920087817,-67.75314570995562,1,0,0,0,0.3275026925191541,0.34499461496169176,0.9964903,0.0034885453,0.93,0.07,0.9999493747384713,5.0620007631488926e-05
1053,2024-03-11 04:00:00+00:00,172.50608455061956,173.9424739307717,171.61831822823436,172.31655883789062,60139500,0.0,0.0,174.68858642578124,172.33904030539773,-8.388900756835938,27.60858795128676,19.201170370396714,27.69232017723604,-4.281539852752445,-3.347444314696475,-72.39141204871324,1.5665339039839223,-33.0993917757975,1,0,0,0,0.3294582124734784,0.3410835750530432,0.9999819,1.7445936e-05,1.0,0.0,0.9999999954768424,4.448077123572703e-09
1054,2024-03-12 04:00:00+00:00,172.7155327686856,173.59332957799342,170.58090298100706,172.7953338623047,59825400,0.0,0.0,173.75094299316407,171.99481256658382,-9.376434326171875,32.39908031458308,17.824535484648525,23.684151923366812,-4.125332558008182,-3.503021963358816,-67.60091968541693,0.4238346392838505,-15.826013017668389,1,0,0,0,0.33018033321622114,0.33963933356755766,0.99993217,5.5900833e-05,1.0,0.0,0.999999469948195,5.28256374729551e-07
1055,2024-03-13 04:00:00+00:00,172.33650702549602,172.75545137696454,170.33154057571417,170.70062255859375,52488700,0.0,0.0,172.72452545166016,171.4402088512074,-10.264175415039062,18.750017781523567,16.583957722303914,22.559975198149658,-4.123035065749519,-3.627024583836957,-81.24998221847643,-0.016453775988609094,-41.99770631163255,1,0,0,0,0.3281320851547101,0.3437358296905797,0.9855794,0.014399954,0.96,0.04,0.998863028857055,0.0011369704812365094
1056,2024-03-14 04:00:00+00:00,172.47616269554393,173.87264392825887,171.61831987530363,172.56593322753906,72913500,0.0,0.0,171.95147094726562,171.4113739013672,-7.730545043945341,37.458499065152374,18.115647464610035,30.57643956536036,-3.925449170123869,-3.68670950109434,-62.541500934847626,1.4070831411778835,17.371884219649274,1,0,0,0,0.3309467364236942,0.3381065271526116,0.9999677,2.7671133e-05,0.99,0.01,0.9999999876911508,1.17360629115565e-08
1057,2024-03-15 04:00:00+00:00,170.74051562789052,172.18687438964844,169.86271876480842,172.18687438964844,121664700,0.0,0.0,171.24923553466797,171.45417452725496,-7.0223541259765625,49.10819043115679,20.049957938398972,31.70473600058517,-3.756149254122164,-3.700597451699905,-50.89180956884321,-0.1630952909690449,37.750863383184026,1,0,0,0,0.3327258083366011,0.33454838332679787,0.99994004,5.1841384e-05,1.0,0.0,0.9999999519664932,4.7927593119142725e-08
1058,2024-03-18 04:00:00+00:00,175.12948288729953,177.26411278337386,173.08462351841683,173.28411865234375,75604200,0.0,0.0,171.11158142089843,171.8241532759233,-1.3765411376953125,56.72446831442475,24.557949133851118,45.62736352505857,-3.493172293231993,-3.6591124200063225,-43.27553168557525,1.2147987641206746,95.40080164349001,0,0,0,0,0.3338995290902276,0.3322009418195448,0.9998925,4.0282117e-05,1.0,0.0,0.9999999244929979,3.517825873462538e-09
1059,2024-03-19 04:00:00+00:00,173.90255921354083,176.16686780995457,172.59584857462684,175.63819885253906,55215200,0.0,0.0,171.70608520507812,172.64717462713068,5.945037841796875,82.32100663584441,32.465795199851364,72.64434086180242,-3.0595381079807566,-3.53919755760121,-17.67899336415559,0.8072622877782559,153.2896951873121,0,0,0,0,0.3379030380771493,0.32419392384570134,0.9947759,2.9303685e-06,0.76,0.0,0.999955940042739,3.4582795863324208e-09
1060,2024-03-20 04:00:00+00:00,175.27911488071734,178.22171020507812,174.65069069756925,178.22171020507812,53423100,0.0,0.0,172.65869140625,173.83183371803977,9.52606201171875,100.0,42.19684518730689,82.37298155004511,-2.4788376200972664,-3.3271255701004216,-0.0,0.7234660429904243,199.29286667781813,0,0,0,0,0.34071840297934847,0.31856319404130307,0.9999105,8.671222e-07,0.96,0.0,0.9999999981579633,3.112137048742778e-11
1061,2024-03-21 04:00:00+00:00,176.60577416012134,177.04467260947172,170.4113487190698,170.9400177001953,106181300,0.0,0.0,172.8950973510742,173.51934758966618,2.3640594482421875,24.9743720055564,44.38612843796202,55.40356822235506,-2.576499743995754,-3.1770004048794886,-75.0256279944436,-0.17744310620947054,-77.04380931215076,1,0,0,0,0.3290626136373936,0.3418747727252127,0.99992704,6.20216e-05,0.99,0.01,0.9999984825672978,1.5154512710340637e-06
1062,2024-03-22 04:00:00+00:00,171.32903300964793,172.6158048054333,169.63330150885253,171.8477325439453,71106600,0.0,0.0,173.04971008300782,173.32891762473366,1.5461273193359375,25.78395036167732,45.51281728612055,53.671281417686295,-2.551243531662692,-3.0518490302361294,-74.21604963832267,0.5618726749302027,-50.11436127168547,1,0,0,0,0.32918408109883607,0.3416318378023278,0.9996612,0.00029533007,0.99,0.01,0.9999992598610863,7.341878968692548e-07
1063,2024-03-25 04:00:00+00:00,170.1420294503314,171.50858710740098,169.02482929677882,170.42132568359375,54288300,0.0,0.0,172.8601867675781,172.85102955211292,-1.895233154296875,15.18445656455904,44.27040414744777,45.37036760934648,-2.616169342408,-2.964713092670504,-84.81554343544096,-0.13654529241696647,-94.93277150508206,1,0,0,0,0.3276017411055621,0.3447965177888758,0.7874616,0.21250744,0.61,0.39,0.9429550150547491,0.057044983489964673
1064,2024-03-26 04:00:00+00:00,169.57346062327176,170.98989593848802,169.15451625289825,169.28419494628906,57388400,0.0,0.0,172.50907287597656,172.20084922096947,-3.511138916015625,2.8201479620790884,41.312510912197375,41.69034429461855,-2.7279345310970484,-2.917357380355813,-97.17985203792091,0.30978345208804425,-111.12218763262894,1,0,0,0,0.3257781379325352,0.34844372413492963,0.6039937,0.39598474,0.66,0.34,0.9698218977504838,0.030178100832723414
1065,2024-03-27 04:00:00+00:00,169.98241994308466,173.16441820000475,169.68316964303057,172.87513732910156,60273300,0.0,0.0,172.72652435302734,172.26740639426492,2.1745147705078125,41.86536795152157,43.62404592919718,54.80596265952259,-2.497955334647912,-2.833476971214233,-58.13463204847843,1.1146067826562445,5.435892799137356,1,0,0,0,0.3316173896305188,0.33676522073896237,0.9999795,6.9872453e-06,1.0,0.0,0.9999999887046788,1.0331425995020497e-08
1066,2024-03-28 04:00:00+00:00,171.3190704702827,171.79786186400435,170.08217621428903,171.04974365234375,65672700,0.0,0.0,172.5749053955078,171.9625371759588,-1.5161895751953125,22.017403245241976,42.07993634720613,46.64309927426215,-2.4349209260641658,-2.7537657621842198,-77.98259675475802,-0.6278979283156978,-52.30567155431359,1,0,0,0,0.32861980903999816,0.3427603819200037,0.9994824,0.0005114107,0.99,0.01,0.999985240896787,1.4758293142556853e-05
1067,2024-04-01 04:00:00+00:00,170.76047140500762,170.8203184243575,169.0547552510188,169.60337829589844,46240500,0.0,0.0,172.31655578613282,171.42225952148436,-2.58349609375,6.2907088271365295,37.79818818680411,44.53817458279514,-2.473166179385231,-2.697645845624422,-93.70929117286347,-0.12994450238356192,-84.106517603778,1,0,0,0,0.32628756346909754,0.3474248730618048,0.66397464,0.33599657,0.61,0.39,0.8253334912921199,0.17466650119885446
1068,2024-04-02 04:00:00+00:00,168.65575460153738,168.91509674293673,167.8078812915549,168.41635131835938,49329500,0.0,0.0,171.82977905273438,170.71313143643465,-4.867767333984375,5.842904006367148,32.710031755998344,39.74786642859622,-2.5696377899745357,-2.672044234494445,-94.15709599363285,-0.6216329008981294,-101.0159193420246,1,0,0,0,0.32622172465524685,0.3475565506895063,0.8486414,0.15131046,0.74,0.26,0.9478450764976276,0.052154911876539714
1069,2024-04-03 04:00:00+00:00,168.3664767037722,170.25173383313268,168.1570121452337,169.2243194580078,47691700,0.0,0.0,171.18839111328126,170.23941151012073,-6.41387939453125,13.601511780297676,25.838082270443675,35.55051989802794,-2.5514840402366588,-2.6479321956428876,-86.39848821970233,0.8761939714359858,-69.80084881976062,1,0,0,0,0.32736692833524816,0.34526614332950367,0.99796224,0.002004037,0.97,0.03,0.9999937092847987,6.284867064882781e-06
1070,2024-04-04 04:00:00+00:00,169.862720979973,171.4886360397026,168.39642333984375,168.39642333984375,53704400,0.0,0.0,170.20586242675782,169.73178100585938,-9.825286865234375,6.371715328755292,16.475253803319205,25.963821241395777,-2.5742272709196357,-2.633191210698237,-93.62828467124471,0.7322641750349677,-98.80122177397213,1,0,0,0,0.32629947691233163,0.34740104617533674,0.5367778,0.4631947,0.69,0.31,0.5254389230781015,0.47456107138413633
1071,2024-04-05 04:00:00+00:00,169.16446466808637,169.96246036892836,168.52607115151318,169.1544952392578,42055200,0.0,0.0,170.02731018066407,169.54062333540483,-1.7855224609375,25.139637245449514,16.491780327308515,43.58414260774974,-2.502237146049424,-2.607000397768475,-74.86036275455048,1.090259527221134,-47.81474619585569,1,0,0,0,0.3290874015569295,0.341825196886141,0.99984396,0.00014064886,1.0,0.0,0.9999998527332791,1.4516469937955542e-07
1072,2024-04-08 04:00:00+00:00,168.60589031460577,168.77546194587757,167.81787917863633,168.02734375,37425500,0.0,0.0,169.64527130126953,169.1769930752841,-3.8203887939453125,4.097095981900086,14.323094889330793,36.48544923994046,-2.5072343220486175,-2.587047182624503,-95.90290401809992,-0.39582301013230314,-99.680227953332,1,0,0,0,0.3259653509839623,0.3480692980320754,0.87753564,0.12245561,0.64,0.36,0.9943149743693127,0.005685025516413232
1073,2024-04-09 04:00:00+00:00,168.27671057044998,169.65325287306834,167.92759789027352,169.24427795410156,42451200,0.0,0.0,169.5275665283203,169.10408519398084,-1.1770477294921875,26.815770844046018,15.486226317279492,45.77358064653987,-2.385499645116198,-2.5467376751228423,-73.18422915595399,0.942198260532394,-19.093799410615286,1,0,0,0,0.3293390382826977,0.34132192343460455,0.99978787,0.00019397792,1.0,0.0,0.9999998489158686,1.4430659048270276e-07
1074,2024-04-10 04:00:00+00:00,168.3764690401373,168.66573470768245,166.6907069630718,167.35902404785156,49709300,0.0,0.0,169.33504943847657,168.7098047429865,-1.9251708984375,10.323554145680438,16.236566935639622,43.43975208244506,-2.413328917589496,-2.5200559236161735,-89.67644585431957,-0.2929291742851775,-119.25799332122548,1,0,0,0,0.32688192849378617,0.3462361430124276,0.8265353,0.17344771,0.69,0.31,0.9952581524469635,0.0047418473668266485
1075,2024-04-11 04:00:00+00:00,167.9176136082712,175.0197591304819,167.73807255301605,174.60079956054688,91070300,0.0,0.0,169.5076156616211,169.6672138560902,1.7256622314453125,94.96990099816723,21.547020240304192,54.708790536202464,-1.8299386609066914,-2.382032471074277,-5.030099001832766,1.0520550426239859,252.2224290154536,0,0,0,0,0.33991336943973255,0.32017326112053496,0.99806577,5.5222966e-07,0.93,0.0,0.9999975516032332,2.9261764446999697e-10
1076,2024-04-12 04:00:00+00:00,173.82276241391455,177.9124812782121,173.77290004426743,176.10702514648438,101593300,0.0,0.0,170.01334381103516,170.8671064897017,5.057281494140625,83.91113489698478,27.736393405478474,64.04436105136301,-1.2318577730501374,-2.151997531469449,-16.08886510301523,0.8000040415946799,190.169557385082,0,0,0,0,0.3381546367524327,0.3236907264951346,0.9878445,2.3183006e-06,0.7,0.0,0.9999378776765773,2.8051742374993573e-09
1077,2024-04-15 04:00:00+00:00,174.91999737133082,176.18681502203364,172.06717291020246,172.25669860839844,73531800,0.0,0.0,170.27867584228517,171.2749891801314,2.6533203125,49.59992501201044,32.06731502396586,56.50048598130841,-1.0563861713796712,-1.9328752594514937,-50.40007498798956,0.019368157083383176,54.362959226889025,1,0,0,0,0.332801337485362,0.33439732502927605,0.999964,1.5747151e-05,1.0,0.0,0.9999998940507714,1.0371240656384257e-07
1078,2024-04-16 04:00:00+00:00,171.31906570233667,173.32401697440633,167.84780155858056,168.95501708984375,73711200,0.0,0.0,170.3325424194336,171.03432395241478,0.538665771484375,20.17782627936985,33.50080725126613,51.19579753483198,-1.1702518334156196,-1.780350574244319,-79.82217372063015,0.1949007270465367,-38.37044356959564,1,0,0,0,0.32834501179299475,0.34330997641401056,0.99931204,0.0006627243,0.96,0.04,0.9999558296733482,4.416868532163051e-05
1079,2024-04-17 04:00:00+00:00,169.18443695551,170.22182082390646,167.57847595214844,167.57847595214844,50901200,0.0,0.0,170.16795806884767,170.53358459472656,-1.645843505859375,7.911128526964557,32.931768925932815,46.436312070984336,-1.355936168406231,-1.6954676930767016,-92.08887147303544,0.47924270026112337,-69.27092625943679,1,0,0,0,0.3265260730215182,0.3469478539569637,0.99739146,0.0025796453,0.95,0.05,0.9999929989724144,6.999330820825407e-06
1080,2024-04-18 04:00:00+00:00,167.60840163815763,168.21687172113144,166.1321193068702,166.62088012695312,43122900,0.0,0.0,169.9904037475586,169.8886613325639,-1.775543212890625,4.148945688357668,32.70949196189306,46.176950654730305,-1.562352494771602,-1.668844653415682,-95.85105431164234,0.30622138370768087,-86.44251241814185,1,0,0,0,0.32597295816191135,0.34805408367617735,0.92832744,0.071655415,0.79,0.21,0.9991537758183927,0.0008462234736900049
1081,2024-04-19 04:00:00+00:00,165.7929692214355,165.98247970725325,163.66830873342062,164.58599853515625,67772100,0.0,0.0,169.53355407714844,168.9060422030362,-4.5684967041015625,6.442563082200199,30.839784545568126,40.67591597763972,-1.8685968376254891,-1.7087950902576434,-93.55743691779979,-0.2758657104071208,-114.81489350401021,1,0,0,0,0.3263098971865609,0.34738020562687816,0.8838993,0.11607669,0.67,0.33,0.9707406390738903,0.02925935285747265
1082,2024-04-22 04:00:00+00:00,165.1046847536948,166.84030903901143,164.3565666388509,165.4238739013672,48116400,0.0,0.0,169.27320709228516,168.15882762562146,-2.6034698486328125,12.324795718572705,31.662554519235385,44.62295005505598,-2.020398252669395,-1.7711157227399938,-87.6752042814273,0.9076265331338195,-84.72230856107402,1,0,0,0,0.3271778272678563,0.3456443454642873,0.9888461,0.01112776,0.85,0.15,0.9999870713564071,1.2922812553491791e-05
1083,2024-04-23 04:00:00+00:00,164.93511779278057,166.63084919015444,164.50618881351107,166.48121643066406,49537800,0.0,0.0,168.9969009399414,167.65119295987216,-2.7630615234375,19.747778878682638,30.955755322699055,44.255469802830774,-2.0319600911482496,-1.823284596421645,-80.25222112131736,0.5680791631715202,-52.495988879000144,1,0,0,0,0.3282808463616015,0.3434383072767971,0.99368346,0.0062856977,0.98,0.02,0.9999356619546163,6.433406625539476e-05
1084,2024-04-24 04:00:00+00:00,166.12212834894586,168.87521298334806,165.79296974487917,168.59591674804688,48251800,0.0,0.0,169.12059020996094,167.57828674316406,1.2368927001953125,34.59385232193134,33.38278514032414,52.54725370723599,-1.8491682288416484,-1.828461322905646,-65.40614767806866,0.7767059143175289,-11.20899353441391,1,0,0,0,0.33051232856904533,0.3389753428619093,0.9999424,3.384592e-05,1.0,0.0,0.9999999029793211,9.054622589016821e-08
1085,2024-04-25 04:00:00+00:00,169.10463252247135,170.1819245302526,167.72809019800033,169.46372985839844,50558300,0.0,0.0,168.60688323974608,167.6406757701527,-5.1370697021484375,40.686260340878604,27.95442107459528,35.654637167734336,-1.6156548324327389,-1.7859000248110646,-59.3137396591214,0.6463385736191865,23.11752155013809,1,0,0,0,0.33143766802654395,0.3371246639469121,0.9995291,0.0004529025,1.0,0.0,0.9999885369445671,1.1457227337213493e-05
1086,2024-04-26 04:00:00+00:00,169.45376017564897,170.91008837659274,168.75550436424768,168.87521362304688,44838400,0.0,0.0,167.88370208740236,167.68946311257102,-7.2318115234375,41.593659575523944,23.722673542449193,28.71403189499837,-1.4612378844203704,-1.7209675967329257,-58.406340424476056,0.6712936278683705,37.86679254024196,1,0,0,0,0.33157595724968936,0.33684808550062123,0.9996132,0.0003660595,1.0,0.0,0.9999909668890294,9.027997560054758e-06
1087,2024-04-29 04:00:00+00:00,172.93498806378426,175.5883174432168,172.66567648639662,173.06466674804688,68169400,0.0,0.0,167.9644989013672,168.63145668723365,0.8079681396484375,78.82844923514261,26.645525964762413,52.33160986804966,-0.9894022726224136,-1.5746545319108234,-21.171550764857386,2.29693072784204,186.1636796451441,0,0,0,0,0.33735158483485056,0.32529683033029894,0.9967085,3.2853632e-07,0.9,0.0,0.99988936187532,1.736171225462579e-09
1088,2024-04-30 04:00:00+00:00,172.89510648752642,174.55094510114296,169.57345983027295,169.9026336669922,65934800,0.0,0.0,168.05926055908202,168.9838448264382,0.9476165771484375,52.30134545495792,29.85787788232122,52.75682269558956,-0.8606972126070218,-1.4318630680500632,-47.69865454504208,0.29860025137478685,63.96697851331868,1,0,0,0,0.3332168879730045,0.3335662240539909,0.9999752,1.2272608e-05,1.0,0.0,0.9999999068053758,9.215830484940023e-08
1089,2024-05-01 04:00:00+00:00,169.15450985940603,172.27666126931797,168.68568791540957,168.87521362304688,50383100,0.0,0.0,168.18893432617188,169.1321999289773,1.2967376708984375,43.682056082283616,33.43497063785313,53.85071288688149,-0.8320108333358576,-1.3118926211072222,-56.317943917716384,0.6611097795370449,23.720993522295394,1,0,0,0,0.33189469172386304,0.3362106165522739,0.9999287,4.5901776e-05,1.0,0.0,0.9999998907248631,9.979603319246106e-08
1090,2024-05-02 04:00:00+00:00,172.07714095067269,172.9848612765476,170.46121064520491,172.59584045410156,94214900,0.0,0.0,168.78643035888672,169.93345558860085,5.9749603271484375,74.89534561618285,40.50961063063564,65.24173075530788,-0.5032520045539286,-1.1501644977965635,-25.10465438381715,1.6284534802324129,126.23911319846442,0,0,0,0,0.33673249680696526,0.3265350063860695,0.99455005,1.2587957e-06,0.93,0.0,0.9975050484986363,5.285665443994478e-09
1091,2024-05-03 04:00:00+00:00,186.18166020430448,186.5307880883928,182.20168147231004,182.9198760986328,163224100,0.0,0.0,170.61981811523438,172.5031729958274,18.333877563476562,83.71572143817215,48.23692646623284,82.8684086274823,0.5836274369848979,-0.8034061108402712,-16.284278561827843,3.2188968464122616,245.2028436227704,0,0,0,0,0.3381236996999231,0.3237526006001537,0.9020481,7.619109e-06,0.76,0.0,0.9991788291418064,7.196575673444643e-10
1092,2024-05-06 04:00:00+00:00,181.89248296216456,183.7378321090879,179.96731749133704,181.25408935546875,78569700,0.0,0.0,172.20283966064454,174.4366768576882,15.830215454101562,76.04179459945074,54.60862635432064,77.5617479922106,1.295636861106317,-0.3835975164509536,-23.95820540054926,0.21693484666636748,143.51267037062064,0,0,0,0,0.336912740968977,0.32617451806204606,0.99920875,3.0265146e-05,0.94,0.0,0.9999864701032545,1.0447145150177134e-07
1093,2024-05-07 04:00:00+00:00,182.9896901956702,184.43604885883423,180.8650450721818,181.94232177734372,77305800,0.0,0.0,173.7489501953125,176.20749178799716,15.461105346679659,77.87391983552476,60.421240450004845,77.26959315985368,1.893615641737341,0.07184511518670533,-22.126080164475237,0.8910546427474801,109.81848521970468,0,0,0,0,0.3372011493566784,0.32559770128664317,0.6910555,8.409891e-05,0.94,0.0,0.9465276126136707,3.573115192730656e-07
1094,2024-05-08 04:00:00+00:00,182.3912187494054,182.6106679669662,180.99472234488195,182.281494140625,45057100,0.0,0.0,175.1175079345703,177.75886341441762,13.685577392578125,77.40061573855824,64.70191679166754,75.75082084692798,2.3675943547813745,0.5309949631056392,-22.599384261441756,0.4135944802155151,85.50618769258288,0,0,0,0,0.3371266004493596,0.32574679910128085,0.9789686,1.5893129e-05,0.98,0.0,0.999856863967091,1.1149779596299998e-07
1095,2024-05-09 04:00:00+00:00,182.1019366221584,184.1966736044253,181.65306876038784,184.10690307617188,48983000,0.0,0.0,176.58182525634766,179.3932988947088,14.643173217773438,86.4170837444186,69.27499913202155,76.59427651695911,2.857580733309277,0.9963121171463667,-13.582916255581393,0.7529390692464406,84.75458577813507,0,2,2,2,0.338551805295812,0.3228963894083759,0.03784927,6.0319903e-06,0.15,0.0,0.025956950286408056,6.689232489035359e-08
1096,2024-05-10 04:00:00+00:00,184.6862155631856,184.87599832689256,181.91942916527435,182.8383636474609,50759500,0.25,0.0,177.97814025878907,180.53085132945668,13.963150024414034,79.30846896268999,73.04648007073816,74.74796045254877,3.1077141440159153,1.4185925225202767,-20.691531037310018,0.26013098584162203,58.96710648792978,0,0,0,0,0.33742728215468437,0.3251454356906313,0.9976261,1.3724195e-05,0.95,0.0,0.9999996865862265,7.903160496714734e-08
1097,2024-05-13 04:00:00+00:00,185.225611031474,186.8836955255456,184.4065517363972,186.06463623046875,72044800,0.0,0.0,179.27813720703125,182.00112332430754,12.999969482421875,95.49918148940306,74.71355329616419,73.85531899642375,3.5256385420001664,1.8400017264162547,-4.500818510596933,1.6330630041768472,85.49147603313101,0,2,2,0,0.33999793010780677,0.3200041397843865,0.48356172,1.0208403e-05,0.37,0.0,0.7921063446233043,3.917784824934572e-08
1098,2024-05-14 04:00:00+00:00,187.29321195228252,188.08230715884645,186.07462118962928,187.2133026123047,52393600,0.0,0.0,181.0092041015625,183.4438806707209,17.3106689453125,95.5198143777772,79.03540018844612,84.30006784596901,3.9045254763850323,2.2529064764100104,-4.4801856222228,1.0049733670074044,100.64715993284986,0,2,2,2,0.3400012272325735,0.3199975455348531,0.014726513,8.312504e-06,0.1,0.0,0.001314197988927056,3.63056409676686e-08
1099,2024-05-15 04:00:00+00:00,187.6927512010029,190.42957359114277,187.15336698785217,189.5006561279297,70400000,0.0,0.0,183.07174835205078,184.9877810391513,20.625442504882812,95.34805399056485,84.20199997927423,88.9246030534746,4.339345144441438,2.670194210016296,-4.651946009435146,0.9817057860782278,146.79375125514642,0,2,0,0,0.33997378162401726,0.32005243675196543,0.38511655,1.5242556e-05,0.52,0.0,0.6472493461366409,2.007232434785267e-07
1100,2024-05-16 04:00:00+00:00,190.24979042229975,190.87906692858397,189.44072933773316,189.6205139160156,52845200,0.0,0.0,184.7742156982422,186.1784656871449,17.024673461914034,88.46607485072614,85.55907290272857,87.18261297295197,4.64012590285779,3.064180548584595,-11.533925149273845,0.9583360745226163,121.44059942003366,0,2,2,2,0.33887714970045485,0.3222457005990902,0.018244207,1.5278105e-05,0.14,0.0,0.010903459245185034,7.12039398266434e-08
1101,2024-05-17 04:00:00+00:00,189.29089777212403,190.58939786133627,188.96127746355225,189.6504821777344,41282900,0.0,0.0,185.44727630615233,187.0650595925071,6.730606079101591,88.74071698662887,86.06157245757424,76.71032632719911,4.825292046109041,3.4164028480894846,-11.259283013371135,0.5950935487568285,94.58238072404731,0,0,0,0,0.3389207988682022,0.3221584022635956,0.9033088,0.00021868422,0.65,0.0,0.9951160856586093,1.367882451164577e-07
1102,2024-05-20 04:00:00+00:00,189.11110786674263,191.698109779236,188.7914705191316,190.81912231445312,44361300,0.0,0.0,186.40377960205078,188.0417588667436,9.565032958984375,91.88606836059506,87.64599983368868,89.51803248924487,5.008601006330679,3.7348424797377238,-8.113931639404939,0.7044656795243478,99.54434034100764,0,2,2,2,0.33942137512631576,0.3211572497473685,0.28255904,3.079398e-05,0.43,0.0,0.02296134098831509,2.7450520967492912e-08
1103,2024-05-21 04:00:00+00:00,190.86907148104808,192.5071748183792,190.6992698520675,192.12762451171875,42309400,0.0,0.0,187.42230987548828,189.08245794122868,10.185302734375028,96.70313247733945,89.52892109787015,90.029072626395,5.199523005074411,4.027778584805061,-3.29686752266055,0.9337064366662226,107.37689833654461,0,2,2,2,0.34019040913682325,0.3196191817263536,0.058918726,7.2090224e-06,0.46,0.0,0.003704295276693836,2.0480374721662624e-08
1104,2024-05-22 04:00:00+00:00,192.0477172523277,192.59708443506423,190.05002949048443,190.6792907714844,34648500,0.0,0.0,188.26208953857423,189.67463628595524,8.397796630859403,82.47632568712913,90.03649209272723,80.35741077417309,5.174315349540734,4.257085937752196,-17.52367431287087,0.1843148002537227,62.82449575408213,0,0,0,0,0.33792759901823205,0.3241448019635359,0.9953951,4.337699e-05,0.96,0.0,0.9999877601052451,5.246240315400051e-08
1105,2024-05-23 04:00:00+00:00,190.75919100120916,190.7791721453948,186.414229471382,186.6639404296875,51005900,0.0,0.0,188.51779327392578,189.38406372070312,2.557037353515625,44.43401799865855,85.83818551815122,57.98002636230645,4.775286357403303,4.360726021682417,-55.56598200134145,0.02288263131267396,-54.729852940275194,1,0,0,0,0.3320096136410563,0.3359807727178874,0.99997234,1.7806135e-05,1.0,0.0,0.999999985790684,3.3708940119939474e-09
1106,2024-05-24 04:00:00+00:00,188.6016982061538,190.35965784997904,187.82258600140187,189.7603454589844,36294600,0.0,0.0,189.20999145507812,189.6099822998047,6.921981811523494,65.36563517362558,84.44390213924478,69.39001089953206,4.65524425641442,4.419629668628818,-34.63436482637442,1.4566861487837486,23.861741097331617,0,0,0,0,0.3352410909054008,0.32951781818919856,0.99998546,4.881882e-06,1.0,0.0,0.9999999972413267,1.9676608090027844e-09
1107,2024-05-28 04:00:00+00:00,191.28858695639587,192.7768698320682,188.88138477648047,189.77035522460935,52280100,0.0,0.0,189.5805633544922,189.71186662153764,3.7057189941405966,55.141702914131265,80.40815428171761,62.662123016410874,4.5089414605167235,4.437492027006399,-44.85829708586874,0.7743642524714248,11.794635167775859,0,0,0,0,0.33365493464841717,0.3326901307031656,0.99974924,0.00013774609,1.0,0.0,0.9999998543248939,7.566113623827771e-08
1108,2024-05-29 04:00:00+00:00,189.39078555405024,192.02773274385171,189.2908950712484,190.0699920654297,53068000,0.0,0.0,189.8662322998047,189.80085365988992,2.856689453125,57.45669072600899,76.60184191654079,60.362295096485084,4.366835468576625,4.423360715320444,-42.54330927399101,0.8248123525335436,16.052542938892923,0,0,0,0,0.3340128035682835,0.33197439286343305,0.99970335,0.00015053982,1.0,0.0,0.9999996499518731,1.8878258206515067e-07
1109,2024-05-30 04:00:00+00:00,190.5394463789207,191.95780280983485,190.40960704305544,191.0688323974609,49947900,0.0,0.0,190.0230499267578,190.01950822310013,1.5681762695312216,73.15521013632966,74.38255753111727,56.274941751698506,4.2854139290867295,4.395771358073702,-26.844789863670353,1.2193617789901556,74.97273426381255,0,0,0,0,0.33645924895445517,0.32708150209108977,0.99959594,5.300193e-05,0.98,0.0,0.9999992818229531,3.1532368186024495e-08
1110,2024-05-31 04:00:00+00:00,191.2186641606353,192.34736255925,189.6904343287636,192.02772521972656,75158300,0.0,0.0,190.2637710571289,190.38399464000355,2.407211303710966,88.2258846976408,74.35853851580873,59.02619879962704,4.24927837338123,4.366472761135208,-11.7741153023592,0.4812061338800358,108.81069936188075,0,0,0,0,0.3388389839000831,0.3223220321998338,0.9155148,0.00033148736,0.87,0.0,0.9725467988484567,9.336344283773119e-07
1111,2024-06-03 04:00:00+00:00,192.67696567521372,194.76456083029888,192.2974153897732,193.8056640625,50080500,0.0,0.0,190.67928924560547,191.02797518643465,4.155181884765597,88.51666207503347,74.3361330246492,63.774798927613865,4.314372094991256,4.3560526279064185,-11.48333792496653,1.1093126354112168,161.50656249660048,0,0,0,0,0.3388851888602558,0.32222962227948826,0.9628678,2.448369e-05,0.74,0.0,0.9788774455881151,3.321426217296599e-07
1112,2024-06-04 04:00:00+00:00,194.414963181449,195.09418491376067,192.8068239995484,194.12530517578125,47471400,0.0,0.0,191.0099075317383,191.65452353737572,3.306182861328125,88.83773373709963,74.03129956229965,61.61404787684523,4.341703252354989,4.353182752796133,-11.162266262900376,0.5633220552360552,128.11687290984065,0,2,0,2,0.3389362201390377,0.32212755972192464,0.19014546,0.00018332175,0.61,0.0,0.11897969169040606,2.2846151005114024e-07
1113,2024-06-05 04:00:00+00:00,195.17408160134357,196.6723473717975,194.6446955817416,195.6435394287109,54156800,0.0,0.0,191.3614990234375,192.497002064098,3.515914916992159,89.97079237074345,73.35806555164005,62.171453322839064,4.434751156479308,4.369496433532769,-10.02920762925654,1.2561536495109997,140.53893093621485,0,2,0,0,0.33911641371779416,0.32176717256441173,0.47812682,4.335037e-05,0.74,0.0,0.5600410390799666,7.439365641388318e-07
1114,2024-06-06 04:00:00+00:00,195.46374994249493,196.27281099963508,193.9455030657145,194.2551422119141,41181800,0.0,0.0,191.71908416748047,193.02311900745738,3.5758514404296875,76.43617295736571,72.75405027866371,62.43052660278143,4.346358127812522,4.36486877238872,-23.56382704263429,0.27038603777030096,75.06269221189471,0,0,0,0,0.3369747853790768,0.3260504292418464,0.97514105,8.433606e-05,0.76,0.0,0.9984595642754234,3.8509022498317537e-07
1115,2024-06-07 04:00:00+00:00,194.4249530208514,196.71231401609788,193.9155481344315,196.6623687744141,53103900,0.0,0.0,192.71892700195312,193.92189802689987,9.998428344726591,99.43816906882617,78.25446538568048,89.13210954604288,4.419602653041551,4.375815548519286,-0.5618309311738244,0.8785761512221216,120.62349213283727,0,0,0,2,0.34062833145961374,0.31874333708077257,0.67486775,2.6536314e-05,0.69,0.0,0.14671295768045053,3.856411818353486e-07
1116,2024-06-10 04:00:00+00:00,196.67234166962024,197.07188834151236,191.9278335340749,192.89671325683597,97262100,0.0,0.0,193.03256378173828,193.9542228005149,3.1363677978515625,49.024195502439284,76.62032141856184,61.66415275503161,4.126227950288325,4.325898028873094,-50.975804497560716,0.07961026513678915,-4.853953681599228,1,0,0,0,0.33271291041713186,0.3345741791657362,0.9998221,2.3599634e-05,0.99,0.0,0.9999993651885188,2.263590820584175e-07
1117,2024-06-11 04:00:00+00:00,193.4261003259925,206.92049013592867,193.40613442314836,206.91049194335935,172373300,0.0,0.0,194.74657745361327,196.4774824662642,17.14013671875,99.9432874519656,81.10047987234528,81.22264916213055,4.967261705742345,4.454170764246944,-0.05671254803440052,1.0376948170626175,270.7303267509991,0,0,0,0,0.3407093091973784,0.3185813816052431,0.9664384,1.1974317e-05,0.9,0.0,0.999719443507951,1.4450790897286256e-08
1118,2024-06-12 04:00:00+00:00,207.1302472154645,219.94541582044727,206.6607893800588,212.82366943359372,198134300,0.0,0.0,197.02194519042968,199.7642264626243,22.753677368164034,76.460913093564,83.00090210910078,84.4108445095091,6.0412907816781285,4.771594767733181,-23.539086906435987,0.9812036443462646,205.02864353548176,0,0,0,0,0.336978678236669,0.32604264352666207,0.7082346,2.650045e-05,0.66,0.0,0.9932352714644533,5.6540958007747205e-08
1119,2024-06-13 04:00:00+00:00,214.49173148985017,216.4994021195785,211.3553624447995,213.9923095703125,97862700,0.0,0.0,199.31429290771484,202.84974725896663,22.92347717285159,80.32355018372388,83.71773611384019,84.49049872237273,6.9071447890392506,5.198704771994396,-19.676449816276115,0.7145614960955179,136.72948736454214,0,2,2,2,0.3375874564236461,0.3248250871527077,0.017627297,2.0117299e-05,0.49,0.0,0.04484373304593167,2.0953781317363457e-07
1120,2024-06-14 04:00:00+00:00,213.60276725932687,214.9212332396349,211.05571234780385,212.2443389892578,70122700,0.0,0.0,201.33595428466796,205.20066472833807,20.21661376953125,72.51341406808245,82.14648905088437,79.71225944999468,7.367367286471193,5.632437274889755,-27.486585931917556,0.2403100889418217,89.50030471011318,0,0,0,0,0.33635857226178734,0.3272828554764254,0.98834187,5.897135e-05,0.88,0.0,0.9998404418894346,3.081569740562464e-07
1121,2024-06-17 04:00:00+00:00,213.12330688362184,218.6968573821251,212.4740644791458,216.41949462890625,93728300,0.0,0.0,203.5973373413086,207.94312660910867,22.61383056640625,87.41532672055001,82.03635551543601,81.04770555943365,7.977042715411528,6.101358362994111,-12.584673279449984,1.0369167821378076,96.25459895592356,0,2,0,2,0.3387102419767141,0.32257951604657176,0.10666551,9.650158e-05,0.54,0.0,0.37577128963782325,3.100091509680919e-06
1122,2024-06-18 04:00:00+00:00,217.3384239953892,218.3772301073396,212.7537345013344,214.042236328125,79943300,0.0,0.0,205.58903045654296,209.8421991521662,19.91693115234375,78.93044648897651,81.04562679062371,75.88261888615253,8.17416334126645,6.5159193586485795,-21.069553511023493,0.3481349707720481,65.68398912593615,0,0,0,0,0.33736766688302033,0.3252646662339594,0.9869861,0.00019839717,0.89,0.0,0.9999940076547957,1.5138779291268887e-07
1123,2024-06-20 04:00:00+00:00,213.68266276066225,213.99231716432823,208.6085492903026,209.4375762939453,86172500,0.0,0.0,206.96843414306642,210.54193475896662,13.794036865234403,62.49555218898056,78.29810277244742,66.59456157239043,7.868126411887516,6.786360769296367,-37.50444781101944,-0.009272161238156482,22.155291716445515,0,0,0,0,0.33479435155048143,0.3304112968990371,0.9999504,9.356349e-06,0.98,0.0,0.9999999412064892,1.647908205578401e-08
1124,2024-06-21 04:00:00+00:00,210.14676322476728,211.6450290442056,206.8705565188874,207.2501220703125,246421400,0.0,0.0,208.26793212890624,210.59315074573863,12.994979858398409,54.68811826668677,76.12329730337953,65.33838537927625,7.364190857789282,6.9019267869949505,-45.31188173331323,0.46234484302811385,-11.558655090405711,0,0,0,0,0.3335849048052567,0.3328301903894865,0.99942774,7.790977e-05,0.98,0.0,0.9999993126841852,1.3876459290185553e-07
1125,2024-06-24 04:00:00+00:00,207.4798404499802,212.454078428602,206.3511420510979,207.89935302734372,80727000,0.0,0.0,209.39163055419922,210.52613636363637,11.23698425292963,57.00534517939938,71.88001491443684,63.837634354858,6.937237655477901,6.908988960691541,-42.99465482060062,0.852697134033985,-22.000412212894027,0,0,0,0,0.33394297168174547,0.3321140566365091,0.99969554,4.2875323e-05,0.99,0.0,0.9999996225869366,3.068139286752937e-07
1126,2024-06-25 04:00:00+00:00,208.9081869431628,211.1356197216104,208.36881796558916,208.8282928466797,56713900,0.0,0.0,210.9847885131836,210.42371132590554,15.931579589843722,58.11068578933322,72.78866394312624,71.09234156885718,6.597776782782347,6.846746525109703,-41.88931421066679,1.1696778373165937,-49.241447480396445,0,0,0,0,0.33411404012734147,0.33177191974531717,0.9998301,2.6805788e-05,0.99,0.0,0.9999999315621413,5.4095898027797435e-08
1127,2024-06-26 04:00:00+00:00,211.2554717695587,214.61158767540184,210.39646545910043,213.00344848632807,66213200,0.0,0.0,211.59408416748047,210.7907404119318,6.092956542968722,48.93462165098471,67.68779736302815,60.90846904220476,6.589689918929793,6.795335203873721,-51.06537834901529,1.3720349095350177,36.246306659023794,1,0,0,0,0.3326991569412671,0.3346016861174659,0.99996245,9.432931e-06,0.98,0.0,0.9999999874290076,1.1791575533669564e-08
1128,2024-06-27 04:00:00+00:00,214.4417922510153,215.4905813596252,212.1045012600432,213.85247802734372,49772700,0.0,0.0,211.69696502685548,211.2013574773615,1.02880859375,60.76064266113034,66.1177703197848,52.249893551844586,6.575986727799489,6.751465508658875,-39.23935733886966,0.7345168454828237,53.72992939602,0,0,0,0,0.3345248597736851,0.3309502804526298,0.99979025,7.990552e-05,0.98,0.0,0.9999996146898823,3.512181953101252e-07
1129,2024-06-28 04:00:00+00:00,215.52053491072317,215.82019110439893,210.0568580061261,210.37648010253903,82542700,0.0,0.0,211.33538208007812,210.961269309304,-3.615829467773466,32.605142298435105,61.34592953125591,42.8174275292692,6.213023005957467,6.643777008118594,-67.3948577015649,0.3414192869825448,-24.806508162638362,1,0,0,0,0.3302114727402059,0.33957705451958825,0.99981636,0.00010422473,0.99,0.0,0.9999994138798971,4.358704140225343e-07
1130,2024-07-01 04:00:00+00:00,211.84478889932728,217.25852074788511,211.67498727343576,216.49940490722656,60402900,0.0,0.0,211.760888671875,211.9001825506037,4.25506591796875,82.2006873155749,62.31465685600515,57.20079491239541,6.346284484592388,6.584278503413353,-17.799312684425104,1.2325601121294945,105.2118494335788,0,0,0,0,0.3378840138787853,0.3242319722424294,0.9439363,0.00017996784,0.7,0.0,0.999435294548403,2.0095711089499513e-06
1131,2024-07-02 04:00:00+00:00,215.9000881322941,220.12520851414416,214.8513143018939,220.0153350830078,58046200,0.0,0.0,212.12047271728517,213.40099098899148,3.5958404541015625,99.2023166765521,63.49335585160536,56.22406715718201,6.658842358119756,6.599191274354634,-0.7976833234478999,0.6875002533224002,156.5458876794903,0,0,0,0,0.3405905316113351,0.31881893677732975,0.9950381,1.3502729e-05,0.82,0.0,0.9999695952193485,6.084340596137882e-08
1132,2024-07-03 04:00:00+00:00,219.7456427738116,221.2938537597656,218.77676303865343,221.2938537597656,37369800,0.0,0.0,212.84563446044922,215.06887845126064,7.251617431640597,100.0,65.60031120270772,63.04818395874147,6.929829733438169,6.665318966171341,-0.0,0.5079350799850688,137.79727694437148,0,0,0,0,0.34071840297934847,0.31856319404130307,0.67085993,3.8594328e-05,0.67,0.0,0.9830702961511283,1.1790287631455868e-07
1133,2024-07-05 04:00:00+00:00,221.39372811908063,226.1881815360653,221.39372811908063,226.07830810546875,60412400,0.0,0.0,214.50970764160155,217.4748191139915,16.640731811523438,99.4461198170231,69.29536796551197,79.74997913128306,7.444835234744431,6.82122221988596,-0.5538801829768962,1.0208312294705433,149.18715255378171,0,0,0,0,0.34062960583733576,0.3187407883253285,0.94776034,1.1564387e-05,0.93,0.0,0.9997280595873486,1.5139396628727796e-08
1134,2024-07-08 04:00:00+00:00,226.8274431332781,227.58657420321984,222.99188645966368,227.55661010742188,59085900,0.0,0.0,216.5403564453125,219.84698319868608,20.306488037109375,99.8588957569438,73.81244571453766,87.24801445579183,7.881415371425163,7.033260850193801,-0.14110424305620084,0.3282630250263171,127.57965524569425,0,2,0,0,0.340695777827456,0.31860844434508795,0.35595125,7.8217345e-05,0.77,0.0,0.9603770977171823,2.4103736552408535e-07
1135,2024-07-09 04:00:00+00:00,227.66647075237483,229.1347724268948,226.10827678949187,228.4156036376953,48076100,0.0,0.0,218.59198150634765,222.00611905184658,20.51625061035159,96.53678914427185,77.76559011102492,87.34539560116636,8.202172337092264,7.267043147573494,-3.4632108557281436,0.5214487342949448,107.71585240338769,0,2,0,2,0.3401638046777414,0.3196723906445172,0.0073598046,1.3119549e-05,0.57,0.0,0.04461362902959459,2.2886745901319223e-07
1136,2024-07-10 04:00:00+00:00,229.03489432853675,232.81052280414056,228.98494908857583,232.71063232421875,62627700,0.0,0.0,220.98021545410157,224.5731464732777,23.882339477539062,99.56099168723568,81.91062070081516,88.72685956118468,8.702628973652793,7.554160312789354,-0.4390083127643144,1.148826161305971,125.51029270974941,0,2,0,2,0.3406480188225778,0.3187039623548444,0.28513056,8.085916e-05,0.78,0.0,0.05375351270031269,5.591538022130309e-07
1137,2024-07-11 04:00:00+00:00,231.12247556848652,232.1213194086617,225.50897806386928,227.3069000244141,64710600,0.0,0.0,222.41056060791016,225.72345275878905,14.303451538086023,75.81214793932128,84.59837332964881,72.30529083532628,8.564482406031743,7.7562247314378325,-24.18785206067873,-0.08912318418364411,54.37612799414924,0,0,0,0,0.3368766220122327,0.32624675597553476,0.99962187,1.0649054e-05,0.86,0.0,0.9999999169538427,7.0504188725861755e-09
1138,2024-07-12 04:00:00+00:00,228.6553306110013,232.3710309246342,228.4156026019726,230.27345275878903,53046500,0.0,0.0,224.0526580810547,227.15306951349433,16.420974731445312,88.8498399362334,87.40729305715912,74.0210147188745,8.595295058004865,7.92403879675124,-11.150160063766599,1.280298993463362,73.9895416538034,0,0,0,0,0.3389381445606359,0.32212371087872815,0.809785,8.008468e-05,0.69,0.0,0.9993085589620591,1.1502933146014824e-07
1139,2024-07-15 04:00:00+00:00,236.2065948881155,236.95572779308304,232.82051476730803,234.1289978027344,62631300,0.0,0.0,226.42790985107422,228.98513128107246,23.75251770019537,88.81864244383266,93.02864307169888,84.36419251338796,8.829048791027844,8.10504079560656,-11.181357556167338,1.6159445698789907,117.62016892422584,0,0,0,0,0.338933185393121,0.322133629213758,0.8126184,6.1159935e-06,0.73,0.0,0.9807248659998021,4.158640451007255e-08
1140,2024-07-16 04:00:00+00:00,234.72830752859608,235.9968435006337,232.06139624646423,234.54852294921875,43234300,0.0,0.0,228.23282165527343,230.461606389826,18.049118041992188,89.10984521338325,93.71955886147971,81.2738314618922,8.94503963296168,8.273040563077586,-10.890154786616742,0.4746209457947577,111.3108708508105,0,0,0,0,0.3389794799323956,0.3220410401352088,0.7566571,1.11900645e-05,0.79,0.0,0.8939843409577741,1.0150852798065686e-07
1141,2024-07-17 04:00:00+00:00,229.1847200362218,231.1924059439656,226.37797123546216,228.61538696289065,57345900,0.0,0.0,229.09282684326172,230.53116371848367,8.600051879882841,54.1209252404754,89.21141971787205,63.749616380889826,8.460679277926829,8.310568306047436,-45.87907475952459,-0.6970947179583568,-10.408340111003499,0,0,0,0,0.33349737581523675,0.33300524836952644,0.9999614,2.0688334e-05,1.0,0.0,0.9999998389146545,7.584644569005311e-08
1142,2024-07-18 04:00:00+00:00,230.01376046370817,230.1735791375176,222.01302671532576,223.9208068847656,66034600,0.0,0.0,229.35552215576172,229.59079645330254,2.626953125,16.238779196909082,80.83529763756295,53.786342598905435,7.61028025532346,8.170510695902642,-83.76122080309092,0.19094199681747015,-127.22143103861592,1,0,0,0,0.32775835569651096,0.34448328860697813,0.99652255,0.003405465,0.9,0.09,0.9908016122997134,0.00919820596962688
1143,2024-07-19 04:00:00+00:00,224.56007929212143,226.53778582663384,223.02185124438603,224.0506591796875,49151500,0.0,0.0,229.1527572631836,228.62627591219817,-2.02764892578125,13.63630613875306,72.25431626973594,46.62455102901356,6.867644961934786,7.909937549109072,-86.36369386124694,0.7443195772417222,-112.99894919467435,1,0,0,0,0.32737208548715147,0.3452558290256971,0.9910943,0.008840601,0.93,0.07,0.9990554832284579,0.0009444856964548821
1144,2024-07-22 04:00:00+00:00,226.74754193953345,227.5166559886428,222.8320757894778,223.7010803222656,48201800,0.0,0.0,228.76720428466797,227.63506192294034,-3.8555297851562784,11.29684384473539,63.3981110785151,43.33103887315255,6.179657800859474,7.563881599459153,-88.70315615526461,0.7398735130147001,-101.7736089078946,1,0,0,0,0.3270257580216812,0.3459484839566376,0.9985221,0.0014338191,0.93,0.06,0.9999433410211506,5.664647405741365e-05
1145,2024-07-23 04:00:00+00:00,224.1105879628454,226.67762395265612,222.4225394312029,224.74984741210935,39960300,0.0,0.0,228.40062866210937,226.90463340065696,-3.665756225585966,18.315434957455135,55.57597565983343,43.70064844993454,5.653875402046026,7.181880359976528,-81.68456504254486,0.6995263232453847,-66.5939097385457,1,0,0,0,0.3280673392465615,0.34386532150687693,0.9913844,0.008599352,0.95,0.04,0.9999846226049796,1.5356860705651435e-05
1146,2024-07-24 04:00:00+00:00,223.74101699336487,224.54009510228497,216.8789647868516,218.28732299804688,61777600,0.0,0.0,226.9582977294922,225.0658505526456,-14.423309326171875,7.014866942236342,46.3213631853335,26.93288704595237,4.661976983596958,6.6778996847006145,-92.98513305776366,-0.0273787680392063,-143.92778346385944,1,0,0,0,0.32639410077356,0.34721179845287997,0.94921374,0.05077235,0.9,0.1,0.9778812074935429,0.022118772577331955
1147,2024-07-25 04:00:00+00:00,218.67687825947047,220.59467187678908,214.37186367512805,217.23855590820312,51391200,0.0,0.0,225.9514633178711,223.29862476695666,-10.068344116210966,12.693541805345646,40.00950257193594,31.29174588899211,3.748058318287775,6.091931411418047,-87.30645819465435,0.3707890077869207,-122.23234315581892,1,0,0,0,0.3272324179017588,0.3455351641964825,0.95363206,0.046325214,0.9,0.09,0.9973168418054805,0.0026829871288042385
1148,2024-07-26 04:00:00+00:00,218.44714249209272,219.2362376525438,215.7602501518015,217.7080078125,41601300,0.0,0.0,224.69491882324218,221.79981467507102,-12.565444946289034,14.772246768521738,32.60174325516477,24.263507697923757,3.0267614154021203,5.478897412214862,-85.22775323147826,0.5747091276692063,-100.11444544465384,1,0,0,0,0.32754055649502806,0.34491888700994383,0.8140522,0.18592708,0.88,0.11,0.9670602244002985,0.03293975572039774
1149,2024-07-29 04:00:00+00:00,216.70916725528429,219.04645819404,215.50055949707524,217.98768615722656,36311800,0.0,0.0,223.0807876586914,220.58031782670454,-16.14131164550784,16.720581990249144,25.391937209806418,11.265552006995236,2.449460274938275,4.873009984759545,-83.27941800975086,0.37746435979282345,-80.4537234084864,1,0,0,0,0.3278299828909602,0.34434003421807946,0.9017714,0.09819282,0.9,0.09,0.985291557364093,0.014708090596681732
1150,2024-07-30 04:00:00+00:00,218.93659134819188,220.07527275577735,215.8701333369141,218.5470428466797,41643800,0.0,0.0,221.4806396484375,219.75600058815695,-16.001480102539062,24.82190588639194,18.963143277107285,11.857087882630239,2.013865780856719,4.3011811439789795,-75.17809411360807,0.49643695264570215,-55.45158778229632,1,0,0,0,0.3290397491450796,0.3419205017098409,0.99874026,0.0012347229,0.92,0.07,0.999994500225459,5.481678200468278e-06
1151,2024-07-31 04:00:00+00:00,221.1839827384757,223.56123595882272,220.3749216653048,221.8232421875,50036300,0.0,0.0,220.80142517089843,219.8182919588956,-6.792144775390653,47.15550365469712,18.266601118529458,31.461228216016494,1.9109872411048912,3.823142363404162,-52.84449634530287,1.5736655741537096,23.921440448952882,1,0,0,0,0.33242622505184216,0.3351475498963156,0.99999416,5.4956936e-06,0.97,0.02,0.9999999979063603,2.0727440876213634e-09
1152,2024-08-01 04:00:00+00:00,224.110590003871,224.22046343714268,216.7690968426558,218.1075439453125,62501000,0.0,0.0,220.22009887695313,219.32849537242544,-5.813262939453097,28.419469711542146,19.484670169992764,33.23729788997764,1.5121977876079882,3.3609534482449277,-71.58053028845785,0.3217156503098832,-52.377437271950505,1,0,0,0,0.3295802009238631,0.34083959815227394,0.9979603,0.0020011724,0.96,0.04,0.9999979189155598,2.047538334590254e-06
1153,2024-08-02 04:00:00+00:00,218.8966186199893,225.3391734979224,217.45829631147987,219.60580444335935,105568600,0.0,0.0,219.7756134033203,219.2168054754084,-4.444854736328153,39.817599574015645,22.102799513519024,38.12062319646731,1.3020422408365562,2.9491712067632534,-60.18240042598436,0.9176173389747107,-5.170483409488624,1,0,0,0,0.33130539622364974,0.3373892075527005,0.99977344,0.00021322252,0.96,0.02,0.9999981192528213,1.8742633113617836e-06
1154,2024-08-05 04:00:00+00:00,198.8598223925161,213.2531662150716,195.7733984925247,209.02806091308597,119548600,0.0,0.0,218.30831146240234,217.2627050226385,-14.67301940917963,42.889482662041445,25.26206339524963,24.646128226477927,0.2787437702578188,2.4150857194621667,-57.110517337958555,-0.3634280689035467,-269.16383978261223,1,0,0,0,0.3317736526372307,0.33645269472553857,0.9999825,1.6554095e-05,0.85,0.14,0.9999964379329999,3.5619759101368433e-06
1155,2024-08-06 04:00:00+00:00,205.06264094927155,209.7472209414639,200.8375358240923,206.9904022216797,69660500,0.0,0.0,216.53236694335936,215.2049033425071,-17.75944519042966,37.93915000404064,27.224434899908182,20.327077428108552,-0.6887106395700187,1.7943264476557297,-62.06084999595936,0.0807166604547843,-186.58948655160398,1,0,0,0,0.33101974408629564,0.3379605118274086,0.9817322,0.018166311,0.84,0.14,0.9861948794477248,0.013805030998678232
1156,2024-08-07 04:00:00+00:00,206.66078565300305,213.3929986622491,206.15138077832643,209.57742309570312,63516400,0.0,0.0,215.661376953125,213.94036809747868,-8.70989990234375,46.68920263601507,31.19186846928605,33.2822360798546,-1.2324671514552392,1.188967727833536,-53.31079736398493,0.8841389511567581,-94.81772133837495,1,0,0,0,0.3323547662300128,0.3352904675399743,0.99828374,0.0016806723,0.9,0.08,0.9999363495462961,6.362516339237304e-05
1157,2024-08-08 04:00:00+00:00,212.86361928255255,213.95235545083943,208.5885687073719,213.0633850097656,47161100,0.0,0.0,215.24385986328124,213.4680059259588,-4.175170898437528,58.47973379383541,35.77048766813503,42.67180381011346,-1.366359569030351,0.6779022684607586,-41.52026620616459,0.8156424862462085,-32.56943325745513,0,0,0,0,0.3341711942317153,0.3316576115365694,0.99972945,0.00023773921,0.96,0.01,0.9999839390809404,1.6036610016091423e-05
1158,2024-08-09 04:00:00+00:00,211.8547924511901,216.5293744807485,211.72493786998632,215.9900054931641,42201600,0.0,0.0,215.07205963134766,213.6036687677557,-1.718002319335909,68.37841049980436,41.13110404126329,47.22403164955509,-1.222227383907466,0.29787633798711377,-31.62158950019563,0.7214143409070918,14.14685915905028,0,0,0,0,0.33571125943057817,0.3285774811388437,0.999087,0.0008359179,0.95,0.01,0.9999958705606657,4.09676979153887e-06
1159,2024-08-12 04:00:00+00:00,216.07000732421875,219.50999450683597,215.6000061035156,217.52999877929688,38028100,0.25,0.0,215.0262908935547,214.05056679465554,-0.4576873779296875,73.58711308193399,46.817757150431774,49.289404919559075,-0.9725263227788901,0.043795805833913015,-26.412886918066004,0.9002556147436892,38.91511167968004,0,0,0,0,0.33652703144815566,0.32694593710368874,0.9997539,0.0001978399,0.8,0.03,0.9999978802532032,2.105023874070398e-06
1160,2024-08-13 04:00:00+00:00,219.00999450683597,221.88999938964844,219.00999450683597,221.2700042724609,44155300,0.0,0.0,215.2985870361328,215.18578740900213,2.7229614257812216,86.23689308087276,52.95925586987986,53.84760340870769,-0.46746065067040377,-0.05845548546695034,-13.763106919127235,1.5138865341414975,88.32773993018131,0,0,0,0,0.3385232198488383,0.32295356030232336,0.99986005,1.0117535e-05,0.83,0.0,0.999998657519083,5.303120004295651e-08
1161,2024-08-14 04:00:00+00:00,220.57000732421875,223.02999877929688,219.6999969482422,221.72000122070312,41960600,0.0,0.0,215.28826293945312,216.3533172607422,-0.103240966796875,87.75891287626139,57.01959679203628,49.8414553675536,-0.030529548153907626,-0.0528702980043418,-12.241087123738607,0.5285265883107745,95.31135767690427,0,0,0,0,0.338764803944443,0.32247039211111395,0.68213856,0.0014288517,0.81,0.0,0.950266133487826,1.9922591007331545e-05
1162,2024-08-15 04:00:00+00:00,224.6000061035156,225.3500061035156,222.75999450683597,224.72000122070312,46414000,0.0,0.0,215.9495086669922,218.068178766424,6.612457275390625,97.86992176013331,63.964641996895395,60.382820286743865,0.551459544110088,0.06799567041854418,-2.130078239866688,1.401540011429332,116.29440430941384,0,0,0,0,0.3403771179368181,0.3192457641263638,0.71276075,5.1527757e-05,0.6,0.0,0.8554893909569466,9.786305448519261e-07
1163,2024-08-16 04:00:00+00:00,223.9199981689453,226.8300018310547,223.6499938964844,226.0500030517578,44340200,0.0,0.0,216.59392852783202,219.90463229092686,6.444198608398466,97.48846076051989,69.73172811554582,60.1723725138534,1.1072464770607269,0.27584583174698074,-2.511539239480125,0.6635205489311736,111.29887416699401,0,0,0,0,0.3403160583528384,0.31936788329432314,0.6638237,0.00014992931,0.65,0.0,0.7392099960611266,3.2099492249733863e-06
1164,2024-08-19 04:00:00+00:00,225.72000122070312,225.9900054931641,223.0399932861328,225.88999938964844,40687800,0.0,0.0,218.28012237548828,221.5948269930753,16.86193847656247,96.38355806196127,75.0811356555378,89.661593148022,1.5173100614314308,0.5241386776838708,-3.616441938038735,-0.0203380712970336,89.79397494534412,0,2,0,2,0.34013930038058776,0.3197213992388245,0.15772903,1.554565e-05,0.69,0.0,0.15452306980557204,2.6261438965940714e-07
1165,2024-08-20 04:00:00+00:00,225.7700042724609,227.1699981689453,225.4499969482422,226.50999450683597,30299000,0.0,0.0,220.2320816040039,223.09116738059305,19.51959228515628,96.85990924215633,80.97321157934938,99.1935136532001,1.870751966666404,0.7934613354803774,-3.140090757843673,0.7441848086442753,84.49122633217968,0,2,2,2,0.3402154866773398,0.31956902664532044,0.036312025,3.2246546e-05,0.43,0.0,0.0004875903092269495,5.9477826565124655e-08
1166,2024-08-21 04:00:00+00:00,226.5200042724609,227.97999572753903,225.0500030517578,226.3999938964844,34765500,0.0,0.0,221.91433868408203,224.21260597922586,16.82257080078128,91.85206003966894,85.48949731971476,98.44490690533398,2.1175710520883513,1.0582832788019723,-8.147939960331053,0.5017081554004645,74.76728049095811,0,2,0,2,0.3394159560884245,0.321168087823151,0.0054658735,4.616075e-06,0.56,0.0,0.009378127794312768,2.5562725509484997e-07
1167,2024-08-22 04:00:00+00:00,227.7899932861328,228.33999633789065,223.8999938964844,224.52999877929688,43695300,0.0,0.0,223.06100006103514,224.68818054199218,11.466613769531278,77.0690090200186,87.34842484233307,86.40977935405088,2.137642564912966,1.274155136024171,-22.9309909799814,0.4369372465461544,31.121554324645274,0,0,0,0,0.3370743875936252,0.3258512248127496,0.9909797,4.455327e-05,0.77,0.0,0.9999335763750746,6.445934750797713e-07
1168,2024-08-23 04:00:00+00:00,225.66000366210935,228.22000122070312,224.3300018310547,226.83999633789065,38677300,0.0,0.0,224.1459991455078,225.37527077414774,10.849990844726562,88.22605062951541,89.33318885530419,85.85590973406511,2.313280819635878,1.4819802727465123,-11.773949370484587,0.9485868946986487,75.34817747969824,0,2,2,2,0.33883901026383273,0.32232197947233454,0.08296622,1.42019435e-05,0.33,0.0,0.0042275409036934075,7.699208551111846e-07
1169,2024-08-26 04:00:00+00:00,226.75999450683597,227.27999877929688,223.88999938964844,227.17999267578125,30602200,0.0,0.0,225.11099853515626,225.92690596147017,9.649993896484375,87.56695139921239,90.73117268703203,84.6374693838205,2.451649179268884,1.6759140540509867,-12.433048600787613,0.12979425387207882,84.0645621511319,0,0,0,0,0.3387343183302165,0.32253136333956695,0.8594343,6.175121e-06,0.92,0.0,0.96205608424949,6.250986378060774e-06
1170,2024-08-27 04:00:00+00:00,226.0,228.8500061035156,224.88999938964844,228.02999877929688,35934600,0.0,0.0,225.78699798583983,226.45763327858666,6.759994506835966,91.03818028699864,91.21130140764461,80.61593576930454,2.5999251709510247,1.8607162774309942,-8.96181971300136,0.42171984756649283,116.98760457749806,0,0,0,0,0.3392863123126837,0.3214273753746327,0.7996288,2.9024337e-05,0.64,0.0,0.9863808763077344,1.8439748120412092e-06
1171,2024-08-28 04:00:00+00:00,227.9199981689453,229.8600006103516,225.67999267578125,226.4900054931641,38052200,0.0,0.0,226.26399841308594,226.58545282537287,4.770004272460966,52.535320842628295,87.6889422042813,69.6620294835783,2.563618575558081,2.001296737056412,-47.464679157371705,0.4377986500742899,19.486773054797695,1,0,0,0,0.33325292878550455,0.33349414242899084,0.9992855,0.00010087319,0.93,0.0,0.999997300225625,2.0126291604597232e-06
1172,2024-08-29 04:00:00+00:00,230.1000061035156,232.9199981689453,228.8800048828125,229.7899932861328,51906300,0.0,0.0,226.7709976196289,227.22654280229048,5.0699920654296875,68.31980429222729,84.7339304574907,70.39421269783983,2.769205100252776,2.1548784096956846,-31.68019570777271,1.591584990463234,211.59248899917182,0,0,0,0,0.33570210161383834,0.32859579677232337,0.9984205,4.3622517e-06,0.84,0.0,0.999999716100527,5.8454297004081455e-08
1173,2024-08-30 04:00:00+00:00,230.19000244140625,230.3999938964844,227.47999572753903,229.0,52990800,0.0,0.0,227.0659973144531,227.63181596235796,2.9499969482421875,60.32392478100251,81.01747685953897,62.40540231846935,2.835699863438805,2.291042700444309,-39.67607521899749,0.2089044496120037,112.38983080004449,0,0,0,0,0.33445708833489113,0.33108582333021774,0.99533254,4.420052e-05,0.87,0.0,0.9999746137837694,2.4020798329125674e-06
1174,2024-09-03 04:00:00+00:00,228.5500030517578,229.0,221.1699981689453,222.7700042724609,50190600,0.0,0.0,226.75399780273438,226.85072631835936,-3.1199951171875284,13.617073221409331,72.74082837548379,41.314025882224925,2.3585015160066973,2.3045344635567866,-86.38292677859066,0.0,-187.8358322236364,1,0,0,0,0.32736923479823155,0.3452615304035369,0.996429,0.0035214142,0.85,0.15,0.9963279063190862,0.0036711210692973043
1175,2024-09-04 04:00:00+00:00,221.66000366210935,221.77999877929688,217.47999572753903,220.8500061035156,43840200,0.0,0.0,226.18799896240233,225.77727328213777,-5.659988403320369,21.826488621135358,65.23748631338168,35.30633700437548,1.8045884096296732,2.204545252771364,-78.17351137886465,-0.2302336722201441,-170.85971279820743,1,0,0,0,0.3285912658261355,0.34281746834772886,0.99994445,2.8087987e-05,0.87,0.13,0.9999985473548106,1.3932883837523615e-06
1176,2024-09-05 04:00:00+00:00,221.6300048828125,225.47999572753903,221.5200042724609,222.3800048828125,36615400,0.0,0.0,225.78600006103517,225.08491072221236,-4.019989013671903,31.735805573015003,59.22586086671629,40.2804729938123,1.4720969792254266,2.058055598062176,-68.264194426985,1.1691918218879325,-90.00578465269462,1,0,0,0,0.33008014429966126,0.33983971140067754,0.9962282,0.0036843854,0.86,0.12,0.9999741937948247,2.5710425116914317e-05
1177,2024-09-06 04:00:00+00:00,223.9499969482422,225.2400054931641,219.7700042724609,220.82000732421875,48423000,0.0,0.0,225.41500091552734,224.1820029518821,-3.709991455078125,21.63219603983111,53.68217956869754,40.893475938713046,1.0703777116507922,1.8605200207798993,-78.36780396016889,0.5228519144615348,-103.21202717658193,1,0,0,0,0.3285622233436995,0.342875553312601,0.5382336,0.46163625,0.49,0.49,0.7730545257256619,0.22694311554178176
1178,2024-09-09 04:00:00+00:00,220.82000732421875,221.2700042724609,216.7100067138672,220.91000366210935,67180000,0.0,0.0,224.8220016479492,223.36291254216974,-5.929992675781307,25.909926972394675,47.45056720298546,33.663899061435245,0.7506215521958381,1.6385403270630872,-74.09007302760533,0.09868359411598801,-79.60932612995983,1,0,0,0,0.3292029913678145,0.3415940172643711,0.9814973,0.018469974,0.95,0.05,0.9988366052194289,0.0011633420890466975
1179,2024-09-10 04:00:00+00:00,218.9199981689453,221.47999572753903,216.72999572753903,220.1100006103516,51591000,0.0,0.0,224.11500244140626,222.50618508078836,-7.069992065429659,20.974680374796144,40.791340100543835,31.004826901427734,0.42772834562001094,1.396377930774472,-79.02531962520386,0.11999832956414473,-79.22858026690254,1,0,0,0,0.32846398231635243,0.34307203536729525,0.97874546,0.021216327,0.93,0.07,0.9982294348698945,0.0017705113133813476
1180,2024-09-11 04:00:00+00:00,221.4600067138672,223.08999633789065,217.88999938964844,222.66000366210935,44587100,0.0,0.0,223.5780029296875,222.24163984818892,-5.369995117187528,36.705737721892476,35.358095844033215,36.77990194089691,0.3732939873818282,1.1917611420959433,-63.29426227810752,0.573076437774912,-21.036708815613093,1,0,0,0,0.3308324659539341,0.3383350680921318,0.9981364,0.0018003245,0.95,0.02,0.9996217460151717,0.00037816729966021824
1181,2024-09-12 04:00:00+00:00,222.5,223.5500030517578,219.82000732421875,222.7700042724609,37498200,0.0,0.0,223.20600280761718,222.09473100142046,-3.720001220703182,37.38433530571232,33.84299729034162,40.14828847555741,0.3351669008427791,1.0204422938453106,-62.61566469428767,0.23860600779713503,-11.741233625056735,1,0,0,0,0.3309354744983823,0.3381290510032355,0.99994004,3.6697085e-05,0.97,0.01,0.9999963611925817,3.547025936395516e-06
1182,2024-09-13 04:00:00+00:00,223.5800018310547,224.0399932861328,221.91000366210935,222.5,36722900,0.0,0.0,222.4770034790039,221.96636685458097,-7.2899932861328125,42.29363555200858,31.240380416319756,27.00316247009596,0.2799368836618612,0.8723412118086207,-57.70636444799142,0.5962418780580464,1.0479169426215817,1,0,0,0,0.3316827174871912,0.33663456502561767,0.9986539,0.0012799657,0.96,0.02,0.9999424453165516,5.7466392361394726e-05
