Company,Net_Profit_Margin,ROE,Debt_to_Equity,EBITDA_Margin,free_cash_flow,Debt_to_Equity_Score,Net_Profit_Margin_Score,ROE_Score,EBITDA_Margin_Score,free_cash_flow_Score,Total_Score
AAL,-0.112656440566145,0.2809357787634124,-6.884085574206199,-0.0334572488554084,-1631200.0,0.45969378606427347,0.7688206820462393,0.58694095115141,0.5290067109049119,0.07614564305466306,0.528583311090267
AAPL,0.2435281990082162,1.4774314312573298,2.161000229287554,0.326607865793772,94336250.0,0.40044072135054765,0.8773985135801798,0.6422245727772897,0.6966998976267604,1.0,0.7441248181311123
ABBV,0.1383096156399838,0.5225840418792542,5.197398934585537,0.3512625445197103,20574000.0,0.3805497072805428,0.8453241219588906,0.5981062162460236,0.7081823253181635,0.2899094845117675,0.6194445592855888
ABNB,-0.1768245914475406,-0.1815798781007595,0.5031247669435696,-0.1944253125738463,2239974.25,0.4113012266228826,0.7492599320807988,0.5655705930420192,0.4540390273744189,0.11341245797323282,0.5003593794825824
ABT,0.14639949946753,0.1642590934657661,0.5005762188555005,0.2671619668902991,6577800.0,0.41131792179726445,0.8477902082123745,0.5815499497640566,0.6690141490799152,0.15517160879788405,0.5889961102634955
ACN,0.1127384049905684,0.2869613216116957,0.1597223177723973,0.1805634334841368,8457565.75,0.41355080700118396,0.8375291013613461,0.5872193590421705,0.6286825994754307,0.1732676380054343,0.5807029913706704
ADBE,0.3039857937942075,0.351042909252038,0.3112194009077212,0.3956829354138894,6615600.0,0.4125583712558546,0.8958281531891898,0.5901802241626665,0.7288702414794745,0.15553549983273526,0.6183058168083284
ADI,0.2153360655894761,0.0722381049486792,0.239995955421469,0.4346845994737475,2902802.6,0.4130249458706472,0.8688045418789289,0.5772981553674665,0.7470344930760919,0.11979333877244536,0.6075557929835534
ADM,0.0336854480553104,0.1277990666131196,0.4552984782151467,0.057871480034859,2100200.0,0.41161452980680024,0.8134309295518222,0.5798653282405352,0.5715412552519438,0.11206688663783455,0.5491808642374305
ADP,0.1864236401359079,0.8110562822225589,0.8592940598064451,0.2846649583864623,3191580.0,0.40896801247571624,0.8599909993750002,0.6114349652067642,0.6771658202686578,0.12257332572820323,0.5964307463194077
ADSK,0.1654985881331951,0.2533202497624093,-2.544927133309599,0.1845313686050773,1547975.0,0.43126857910800054,0.8536122942912984,0.5856649862508206,0.6305305865701659,0.10675075630130755,0.5765914381340674
AEE,0.151306001564427,0.1024122522159451,1.380243425691002,0.447336355443288,-1416800.0,0.4055553476143824,0.8492858857315804,0.5786923402413774,0.7529267975228211,0.07820961760154413,0.5975132332756146
AEP,0.1328648909796415,0.1024011371929369,1.6809838057501083,0.3895841470701463,-1824440.0,0.40358524035516885,0.8436643749309846,0.5786918266760125,0.7260298517530196,0.07428537047332308,0.5885978429465195
AES,0.0010192224004468,-0.0013846441620293,4.502532555500086,0.1846811541779048,-2304000.0,0.3851016776456486,0.8034730943396078,0.5738964445493704,0.6306003462303232,0.06966876770418931,0.5509529542000187
AJG,0.111583562542471,0.1158519427758469,0.7541064412914048,0.2302263234391132,1670060.0,0.4096570815351326,0.8371770640333815,0.5793133159767542,0.6518121056106773,0.10792603770315444,0.5742302352141897
AKAM,0.1622059474603003,0.1311806027109643,0.7502959675781632,0.3552835026106932,727981.4,0.40968204340397785,0.8526085795193458,0.5800215708158908,0.7100550068097012,0.09885688541042432,0.5914680264381958
ALB,0.1228031707425427,0.1035568209891028,0.5196720956853099,0.1356254652065218,-420834.4,0.4111928274366201,0.8405972023371555,0.578745224601507,0.6077536319118252,0.08779752640737024,0.5610629264173895
ALGN,0.2478327969276511,0.2224335164131292,0.032876878520183,0.218706854072395,513664.0,0.4143817533497248,0.878710709154577,0.584237876610947,0.6464471411949164,0.09679370603284164,0.5833061629800088
ALLE,0.1445573792040656,0.4960753525975764,1.832849853559596,0.2162405457257365,460120.0,0.40259038757497767,0.8472286639979169,0.5968813924491366,0.6452985069916479,0.09627825149395079,0.5770529173412658
AMAT,0.2443221077803273,0.4443370152994915,0.4635548513265241,0.3097606129510808,5090500.0,0.4115604434862393,0.8776405254002702,0.594490842465292,0.6888536237119652,0.1408537480535921,0.6025303544510446
AMCR,0.0610884837456848,0.1994947501683699,1.6643126793005094,0.1391743622318882,877000.0,0.40369445052252706,0.8217843560113786,0.5831779997355094,0.6094064603234619,0.10029144976402436,0.5590053665344439
AMD,0.1352586745081608,0.2219366913169713,0.0712902117773402,0.2106463715161765,2058250.0,0.4141301130921524,0.844394085861245,0.5842149209983853,0.6426931312912213,0.11166304460312532,0.575988002537397
AME,0.1895632586329191,0.1490569987802534,0.3802267923537775,0.3015248222199314,1216495.5,0.41210631369444384,0.8609480675086982,0.5808475428236194,0.6850179675023201,0.10355968703445653,0.5884479788832723
AMGN,0.2499337825179478,1.1297695268441958,7.370757102192442,0.4833307384800602,8603500.0,0.366312348459516,0.8793511647894722,0.6261609881439086,0.7696904676201151,0.17467251010206758,0.6316327664996357
AMT,0.2004296595805757,0.2367626798776082,5.294611133212863,0.5848347288841704,2893440.0,0.37991288405726253,0.8642605355951514,0.5848999500999182,0.8169639382323226,0.11970320739141631,0.6224778754962869
AMZN,0.0494808625564176,0.1816707389768319,0.8397612069331085,0.1394145582884498,14972400.0,0.4090959694039855,0.8182459374554741,0.5823544481509177,0.6095183268734943,0.23598429877571847,0.5788369198767278
ANET,0.3227984549233551,0.2951914347139664,0.01297468623455,0.3660284665396474,1363415.8,0.414512129767712,0.9015629258992839,0.5875996282539606,0.7150592606769863,0.10497405158492355,0.6082527744220675
ANSS,0.2426242469854144,0.1019332280902841,0.1880420572862491,0.3422162374250527,584210.25,0.4133652884340254,0.8771229566371185,0.578670207115814,0.7039691871855076,0.09747283693012666,0.5958980421175315
AON,0.1720110037324307,-1.0002327256324317,-3.9764340763861177,0.2803883290947015,2762200.0,0.4406461765547266,0.8555975117466547,0.5277450529562226,0.6751740649855554,0.11843979312120796,0.576459744045762
AOS,0.12215215715235,0.2412362060068614,0.1231327302181978,0.1786506376616771,494180.0,0.41379050016123775,0.8403987500849565,0.5851066476548551,0.6277917527536397,0.09660613849519505,0.5691942584137658
APD,0.1977982981546108,0.1592281867038988,0.6411755721260635,0.3768715426460015,-394960.0,0.4103968755231837,0.863458402415139,0.581317498651277,0.7201092083452398,0.08804661270874999,0.5954679568115447
APH,0.1494832874804025,0.2548873464520508,0.6528880711018541,0.2347528656323265,1749960.0,0.41032014861590516,0.8487302572154651,0.5857373933508888,0.6539202528716259,0.10869521478475797,0.5794332729387991
APTV,0.1058426288284753,0.1953033323245784,0.6039075480597349,0.1487278348150721,840000.0,0.4106410130238918,0.8354270218799899,0.5829843368854446,0.6138558007248357,0.09993526012673612,0.5641211801939672
ARE,0.1893429028000104,0.0240181822890219,0.5125091213990673,0.6764452554523313,1283407.8,0.41123975105770516,0.8608808951608629,0.5750701723793217,0.8596297242595234,0.10420383481464901,0.6306497482778948
ATO,0.2085949954767783,0.0901193325706956,0.7975270261538949,0.4229576505660808,-1194971.8,0.4093726394877425,0.8667496223407656,0.5781243506152314,0.7415728991786465,0.08034510155014693,0.5996007472149573
AVB,0.3727153132638416,0.0845973296819342,0.7298789633829563,0.7691175802118011,1230076.8,0.4098157922812269,0.9167793716226975,0.5778692085947126,0.902790021737881,0.1036904307728593,0.6558947943328745
AVGO,0.2371930448595232,0.3326946097218308,1.6704669818391806,0.5238581502001767,15503800.0,0.4036541345659387,0.8754673317618951,0.5893324480369514,0.7885653059325031,0.2410999521069339,0.6398716777054714
AVY,0.0770033897809948,0.3402255406239785,1.5236504717468884,0.1470413834210107,639080.0,0.40461590854603535,0.8266357892131172,0.5896804118039882,0.6130703694319508,0.09800105412879143,0.5625083915861863
AWK,0.2370727260004152,0.1214654751853386,1.527993963072381,0.5749740044441211,-776500.0,0.40458745495497117,0.8754306542655543,0.5795726870835894,0.8123715013717037,0.08437362367602146,0.6199584997271121
AXON,0.0407620158035696,0.0412577554530439,0.3783452309057772,0.0337524878303785,87018.0,0.41211863953464734,0.8155881207819864,0.5758667202295416,0.5603083129347479,0.09268649295201788,0.5430556263828364
AZO,0.1449674117196515,-1.1122519582022243,-4.794566610077912,0.2274604792713824,2460505.75,0.4460056458860755,0.8473536565901126,0.5225692473815833,0.6505239685388181,0.11553545891906071,0.5670426015540951
A,0.1816463654518753,0.2169142408524865,0.4950111133800488,0.2650607278741181,1202200.0,0.4113543780080777,0.8585347149982957,0.5839828606055752,0.6680355386776523,0.10342206787337939,0.5842870265521954
BAX,0.0529244932860119,0.0419980089052615,1.850424533006441,0.1071333746834526,1078750.0,0.4024752583610365,0.8192956794029927,0.5759009233557079,0.5944840057753523,0.10223364596194065,0.553002724863908
BA,-0.0842093233183683,0.3177680234999862,-3.529717904306561,-0.0272752244321819,-4618000.0,0.43771980273938105,0.7774923819484203,0.5886427708591576,0.5318858661847373,0.04739247525324361,0.5253861063100035
BBWI,0.1310758060475473,-0.7645871050134183,-5.363499669185185,0.2579748200724501,1126250.0,0.44973264506567867,0.8431189977844884,0.5386329682620105,0.6647354176391655,0.10269091644224312,0.5719987478943205
BBY,0.0361657457739028,0.529684460137833,1.2253969419082045,0.0659470055674584,2074500.0,0.4065697248047824,0.8141870131049062,0.5984342883418766,0.5753022711235721,0.11181947924112354,0.5544107875092356
BDX,0.0773283777660423,0.0592408209110379,0.6868340715958935,0.2209646151398363,2644200.0,0.41009777321695995,0.8267348571873376,0.5766976208553658,0.6474986486385761,0.11730383698066708,0.571338134539116
BEN,0.1408604770064862,0.0841853728460667,0.6768927530232427,0.2599801190373769,1218900.0,0.4101628973744883,0.8461017158384287,0.5778501742874897,0.6656693458651372,0.10358283454750679,0.5789590239173388
BF-B,0.226065861902497,0.2942282257604608,0.8913231722583774,0.3312030194789077,607250.0,0.408758194336445,0.8720753679815392,0.5875551235545734,0.6988399993294423,0.097694634773254,0.5951476373660213
BG,0.0293182552586605,0.1824623737259097,0.7651290994144924,0.0533257263517895,-1974000.0,0.4095848736767138,0.812099652817605,0.5823910253301517,0.5694241606205763,0.07284559419892228,0.542864036189593
BIIB,0.2142021750362092,0.2055978720734056,0.6040455686956372,0.3310813512747588,2349975.0,0.4106401088704268,0.868458891438703,0.5834599921367617,0.6987833347761536,0.11447140735820403,0.5959102765786779
BIO,0.1807265416761348,0.0240517105302444,0.0843339705780188,0.2895651364197097,297620.4,0.4140446652919747,0.8582543197766416,0.5750717215388174,0.6794479810125562,0.09471390896466743,0.5838050584559014
BKNG,0.14384882661647,0.3095874135556692,1.6576219696665897,0.2853641802222403,4601200.0,0.4037382804053532,0.8470126717990931,0.588264788921749,0.6774914689724523,0.13614338076912894,0.5889875675792283
BKR,-0.0738602616355959,-0.0703250834735517,0.4164551840376419,-0.0401844879882177,1239400.0,0.41186898667692795,0.7806471465033129,0.5707110780554128,0.5258736326862128,0.10378018286005838,0.5260618904079362
BLDR,0.0833869828193754,0.3739847717467417,0.9296192170624428,0.1445582314894969,1671430.2,0.4085073224187702,0.8285817369393605,0.5912402440991423,0.6119138906630599,0.10793922827183045,0.5649755844080422
BLK,0.3060671855581813,0.1408202700890394,0.2267146976060488,0.4346373792061934,4130800.0,0.41311194949293606,0.8964626359242538,0.5804669679410855,0.7470125011729003,0.13161495900209141,0.6170389650591672
BMY,0.0226986924184853,0.0474447623798214,1.3358862823277675,0.3014166216938739,13215400.0,0.405845924922693,0.8100817730467429,0.5761525885059734,0.6849675752530259,0.21907010437800384,0.5912455923504054
BRO,0.1954010920978447,0.1548219589232914,0.6966704048531852,0.3462810642499936,817420.0,0.41003333680323184,0.8627276481757234,0.5811139105906662,0.7058622996699284,0.09971788818052076,0.5933869815164808
BR,0.1045371625017712,0.3060157011509815,1.9236234345275447,0.2240122846685277,708860.0,0.4019957428160177,0.8350290690006532,0.5880997593232498,0.6489180402834436,0.09867280853122315,0.5730122127131219
BSX,0.0580328683080176,0.042169422002868,0.5513020858936543,0.2028677386555442,1266250.0,0.41098562389013904,0.8208528950179454,0.5759088434319823,0.6390703872939039,0.1040386610157662,0.5656623929773367
BWA,0.0526265617061227,0.0961112464692046,0.6096211926705548,0.122989253304018,648800.0,0.4106035837544264,0.8192048591898344,0.5784012046932964,0.601868566806065,0.09809462610918175,0.5556432099641189
BXP,0.2035478472068274,0.0723615910162496,1.7649691935345708,0.6546756482959485,1218496.5,0.4030350640798396,0.8652110708320975,0.5773038609937439,0.8494909614379891,0.10357895015511095,0.6288418222472082
CAG,0.0612841903340938,0.0818003183177719,1.045550361739516,0.1487631244961287,1112560.0,0.4077478740545287,0.8218440143869102,0.5777399737599538,0.6138722361939607,0.10255912627644648,0.559522712432126
CAH,0.0015420029216971,0.1243205227733832,-2.2856274666186907,0.0065077067729517,2736400.0,0.4295699440409071,0.803632456560936,0.5797046034597604,0.5476195964465916,0.11819142304980157,0.5434248719783831
CAT,0.1263821454073819,0.438804542513105,2.2402670496488897,0.211428669012734,6788800.0,0.3999214557362063,0.8416882019622026,0.5942352166871786,0.6430574708365562,0.15720285240512238,0.5833177958058733
CBOE,0.1496241878720222,0.1512120374699969,0.4346224255881488,0.2719780802562447,1293320.0,0.4117499756733125,0.8487732086998487,0.5809471155577657,0.6712571583720983,0.10429925705580384,0.5820642567831299
CBRE,0.0404299084924342,0.135143727458203,0.4826731577423729,0.0617243263742825,1197640.8,0.41143520219258145,0.8154868825822629,0.5802046854711976,0.573335642029005,0.10337817760866792,0.5489070493811747
CCI,0.1957875437386986,0.1698872554366373,3.5375097418488592,0.5736711375942207,1522800.0,0.3914234042129534,0.8628454524729744,0.581809996824151,0.8117647169734236,0.10650840294674724,0.6192236424309446
CCL,-1.454994824195677,-0.4152403978165019,3.3492684365383854,-0.8014552362370772,-4331200.0,0.3926565461076439,0.35962787953393077,0.5547743985602869,0.1713268783960636,0.05015342627957517,0.3182209576752709
CDNS,0.2399139979644806,0.2953618569367929,0.2248118702066267,0.3321052993844856,1030218.4,0.4131244146433488,0.8762967756935448,0.5876075025472468,0.6992602183024157,0.1017664445294807,0.5973685322795589
CDW,0.0483423153379053,0.8059497111114695,4.960985268452921,0.0866218314118397,1191440.0,0.38209841942798917,0.8178988674969471,0.6111990180518183,0.5849311612595731,0.1033184840761572,0.5572148762563072
CEG,0.0366337268804758,0.0695220618061593,0.6293445172951155,0.1981487391201536,-4695200.0,0.41047437907292994,0.8143296705025168,0.5771726616382602,0.6368726068424442,0.04664929038841517,0.5551385662113606
CF,0.0494808625564176,0.1816707389768319,0.8397612069331085,0.1394145582884498,14972400.0,0.4090959694039855,0.8182459374554741,0.5823544481509177,0.6095183268734943,0.23598429877571847,0.5788369198767278
CHD,0.1314319873863987,0.2076799883215674,0.724809504019934,0.2196265008890919,819975.0,0.4098490015851768,0.8432275746098438,0.5835561955175299,0.6468754484623416,0.09974248451898755,0.5743610774837946
CHRW,0.0310877352368763,0.4027557737378895,1.2453925219312212,0.0471323037642522,659681.0,0.4064387366170712,0.8126390536721926,0.592569597185015,0.5665396968717593,0.09819937474278535,0.5483108668053667
CHTR,0.0838274109499124,0.2641745836886515,5.421913449145874,0.3808598859676815,5738800.0,0.37907894477486537,0.8287159952033256,0.58616650657689,0.721966700154756,0.1470947681036993,0.5941844101767844
CLX,0.0553410124669988,0.6965488724762535,5.760244431574778,0.118732671803833,723250.0,0.3768625868505685,0.8200323209741881,0.6061441943622738,0.5998861483843227,0.09881133741988742,0.5590236252282361
CL,0.1263779505826482,2.324112185422755,9.125294379560206,0.2217469406743701,2741750.0,0.35481862544824727,0.8416869232294257,0.6813451315136565,0.6478630012420424,0.11824292614600405,0.5959420654630065
CMCSA,0.1037544734900984,0.1353679531494644,1.142464320598895,0.2964419564165448,13483000.0,0.407113004557355,0.8347904773652743,0.5802150457330578,0.6826507235523477,0.22164622186282368,0.5983722953978289
CME,0.5304220232684822,0.1029837326649372,0.1281094152062837,0.795911832191526,2925780.0,0.4137578986089623,0.9648540236097072,0.578718745275815,0.9152689132425083,0.12001453638790013,0.6740883908510887
CMG,0.1013642206844055,0.3639972601764324,1.4954861388130982,0.163523852470176,899656.4,0.40480040906689274,0.8340618427257509,0.5907787749667754,0.6207467525289132,0.100509557193707,0.5669533170411052
CMI,0.0668199516988587,0.1824305251814043,0.6385756582838678,0.1306542319386993,1734600.0,0.41041390718728166,0.8235315126619448,0.5823895537803971,0.6054383786015147,0.10854734795154858,0.5601633541724246
CMS,0.1288252775851864,0.1321499003375416,1.8959216919683208,0.3420539686682401,-861250.0,0.40217721297342746,0.8424329561277213,0.5800663568400763,0.7038936137299624,0.08355775687169231,0.5843496165025366
CNC,0.0141441216609033,0.076524870534198,0.7728661009177294,0.0348271365532037,4540200.0,0.4095341896853486,0.8074740335786068,0.577496223723281,0.5608088092661204,0.13555614920495104,0.5477316079912796
CNP,0.0616146981972852,0.056012743179606,1.730939957057304,0.3336735460157362,-1719000.0,0.40325798474581787,0.8219447650176313,0.5765484687648326,0.6999905980711318,0.07530041467212503,0.5762418186387994
COO,0.279721354396384,0.1271255091925355,0.3652827134001733,0.2605138649629008,311000.0,0.41220421022042075,0.8884314832588114,0.5798342067788689,0.665917927445272,0.09484271098820964,0.5889927320410115
COP,0.1304464902352419,0.1886596237677356,0.4191450295881911,0.404751897579066,9586000.0,0.4118513658830584,0.8429271597918905,0.5826773668857763,0.7330939307619535,0.18413078898411345,0.6084793692958279
COST,0.0259092585663742,0.2745786748587165,0.4719523173608082,0.0444407115913988,5816800.0,0.4115054328861001,0.8110604685647491,0.5866472236095078,0.5652861411940282,0.14784565436609073,0.554075849785595
CPAY,0.2789864618042167,0.3024681704261237,2.0361103437433763,0.5293706059475234,1352692.8,0.4012588571461617,0.8882074616834755,0.5879358470299703,0.7911326228797069,0.10487082397733863,0.6226754922095051
CPB,0.0832019608549114,0.2182087597174574,1.6347264720171502,0.1742429595650974,761600.0,0.4038882655390874,0.8285253356197763,0.5840426733520482,0.6257389640885126,0.0991805231655632,0.5648426482938275
CPT,0.2719118410984752,0.080733481261282,0.7749106740060163,0.7391228846042658,256849.2,0.4095207959791811,0.8860508639815856,0.5776906809639085,0.888820587081374,0.09432141493926725,0.6432408248455254
CRL,0.1156300476091794,0.1525160641147284,0.9959419884066008,0.247838370081919,411847.0,0.40807285142006167,0.8384105775683917,0.5810073676075471,0.6600145670713037,0.09581353953825308,0.5750374441345547
CRM,0.1051705117069078,0.0598799395275634,0.2120194249693157,0.211110063978903,7329200.0,0.41320821612428116,0.8352221365158039,0.5767271510853306,0.6429090868602835,0.16240514645892146,0.5793961871966208
CRWD,-0.0543615699868584,-0.0597543407300496,0.6104120339101842,0.0200883252557617,689199.6,0.410598403066463,0.7865910458794871,0.5711994951599114,0.5539445001886688,0.09848354283541391,0.5337661320389753
CSCO,0.209321937806558,0.2613181762121752,0.3484540743027627,0.3059821088864492,13393600.0,0.4123144522306289,0.8669712203914621,0.5860345273675968,0.6870938603751119,0.22078559068515963,0.6093741858593795
CSGP,0.1523369930777937,0.0495813343712136,0.1803403622291478,0.2418949981833443,431642.5,0.4134157411379066,0.8496001688600865,0.576251307993422,0.6572465594721334,0.09600410580757576,0.5765166990663375
CSX,0.2742903022072994,0.2817879266559232,1.3981755410785364,0.5313368977287722,3174750.0,0.40543787688866517,0.8867759040896952,0.5869803243171717,0.7920483842834293,0.12241130757697186,0.6253566369979864
CTAS,0.156757970210165,0.3452631745616974,0.7356564778984576,0.2539084423127815,1362810.0,0.40977794460914196,0.85094784098561,0.5899131737433417,0.6628415828376517,0.10496821970161897,0.582648676807808
CTLT,-0.0606598713587558,-0.0723311089097967,1.0125649446336988,0.0872584433565319,-182800.0,0.40796395680894837,0.7846710981071041,0.5706183904213556,0.5852276506482067,0.09008902334245467,0.5394390339764297
CTRA,0.2985378729862149,0.158457110640258,0.3052838768273783,0.635664168667948,1611500.0,0.4125972540260221,0.8941674318610401,0.5812818713781999,0.8406367418165654,0.10736229540154364,0.6363855809767852
CTSH,0.10814509193212,0.1669991988304795,0.1304850972032605,0.1774557832869743,2195800.0,0.4137423358556436,0.8361288950749692,0.5816765552789885,0.6272352730236952,0.11298720364661174,0.5695824949769693
CTVA,0.0643547020513713,0.0410383125919545,0.0593206951530074,0.1634190047209014,1194400.0,0.41420852368532324,0.8227800162997383,0.5758565809565106,0.6206979217689168,0.10334697924714026,0.5617565290118948
CVS,0.0221183019180984,0.0952156124927067,1.0619855726067642,0.0519428446793078,11658200.0,0.4076402093364423,0.8099048492410161,0.5783598222697425,0.5687801109054473,0.20407933402164574,0.5606371166409425
CZR,-0.1260140110311055,-0.141638166466346,5.771542214339293,0.2326740807880484,35400.0,0.37678857668993426,0.7647488162931839,0.5674160844723344,0.6529521000546398,0.09218957952775993,0.5477865448031969
DAL,-0.1524148683956033,-1.8465868194578805,9.80059918602936,-0.0870354902079916,-1134250.0,0.3503948001503434,0.7567008896709142,0.4886395874352785,0.5040537075012886,0.0809296549533223,0.484527474409903
DAY,-0.025265644833078,-0.0119255391468136,0.4952538226098622,0.0771970445962663,9575.0,0.4113527880545921,0.7954605256623506,0.5734094065490882,0.5805417537025054,0.09194096878767968,0.5422793456020972
DD,0.1699479281431665,0.0840768572885782,0.3536481359041407,0.1834217631289326,246600.0,0.41228042667521914,0.8549686124374632,0.5778451603678753,0.6300138098241599,0.09422274848438902,0.5710683505975548
DECK,0.1592573027733198,0.3370447295329214,0.1409550231129424,0.2198188257382603,604993.8,0.41367374886697905,0.85170972704087,0.5895334436504016,0.6469650199468612,0.09767291490677699,0.5780703597822476
DE,0.1313969783582308,0.3377010762845649,2.9230945768061583,0.245454497608978,3751250.0,0.39544835016994007,0.8432169026045402,0.5895637698997261,0.6589043257414391,0.1279611271958008,0.5816602536577905
DGX,0.1223834906698458,0.185645334969523,0.7662707675323371,0.2214252695053635,1294000.0,0.4095773947719983,0.8404692688241161,0.5825380928307105,0.6477131892741159,0.10430580324373238,0.5742837476959953
DHI,0.144000367848896,0.24285262075286,0.3114648793309713,0.1861023154618185,1492725.0,0.4125567631617785,0.8470588669927558,0.5851813334767567,0.6312622239153564,0.10621887853211362,0.5730641141922121
DIS,0.0206680545606702,0.0170715534192497,0.5273211921806856,0.1315972682362416,3901400.0,0.4111427192984013,0.8094627619195485,0.5747492060630535,0.6058775790558084,0.12940658325090432,0.5580476461770785
DLR,0.171208732904217,0.0413605755582662,0.8577209941596078,0.6039317109561138,1675734.25,0.4089783174040049,0.8553529508724561,0.5758714709929738,0.8258579789214195,0.10798066227205667,0.6213655312779214
DLTR,0.0186092524596974,0.0534283913595352,1.296765936008341,0.060038751628367,725000.0,0.4061021967218166,0.8088351653226029,0.5764290597825508,0.5725506190176094,0.09882818422705644,0.5448881583369309
DOC,0.203004309614606,0.0556993114836859,0.9289444967869332,0.6089767409866759,872690.2,0.4085117424148893,0.8650453811123188,0.5765339867738226,0.8282076016105175,0.10024996041000314,0.623335410677154
DOV,0.1237117494098576,0.2314018225767744,0.8470220534086734,0.2041466517398402,903008.25,0.4090484046361723,0.8408741696471241,0.5846522537493365,0.6396660157008792,0.10054182460548387,0.5722842239287748
DOW,0.0530703493949353,0.1473308879820556,0.9840330801050484,0.1454868248422484,3883600.0,0.4081508649767699,0.8193401415674527,0.580767788537799,0.6123463646022343,0.1292352271551278,0.5633139442478176
DPZ,0.1152429359713518,-0.1301818211064674,-1.2772357572936914,0.200765515161191,489847.0,0.422964114034702,0.8382925720804315,0.5679454205052492,0.6380913183904554,0.0965644258006445,0.567863403017601
DRI,0.0920906009880476,0.3992241481257452,2.1637786250810778,0.1523386565686816,939160.0,0.4004225204766886,0.8312349113951235,0.5924064197813537,0.6155374693506267,0.1008898483546686,0.5649704294326451
DTE,0.086401523180569,0.1105770423181806,1.849714570431564,0.2343321277128971,-745000.0,0.4024799092244232,0.8295006767787683,0.5790695912290645,0.6537243025292758,0.08467686620506415,0.5685231634874791
DUK,0.0969611574077024,0.0504503956485522,1.419783363183171,0.4381021015794476,-2660500.0,0.40529632713343844,0.8327196313848507,0.5762914626356272,0.7486261269095774,0.06623683241518234,0.589874462808135
DVA,0.0641057487402405,0.2959279379026669,4.570282575351506,0.1942833951383189,1261521.25,0.3846578569458978,0.8227041264165921,0.5876336581006428,0.6350723995362698,0.10399313853610873,0.5654173024883823
DVN,0.0921504212616859,0.128125497073605,0.8044372112345677,0.3291107354563133,2413000.0,0.4093273718526239,0.8312531467564271,0.5798804108344644,0.6978655595378566,0.11507813308496326,0.5854442364301939
DXCM,0.152880940099541,0.199570402664225,1.081000981121744,0.199282547965289,286625.0,0.4075156421122308,0.8497659833886446,0.5831814952299955,0.6374006558275824,0.09460805903121232,0.5725298066774606
D,0.1179154440127599,0.0553035601251509,1.4956120240845217,0.4712142162414343,-3025000.0,0.4047995844104665,0.8391072482221087,0.5765157012344497,0.7640474376693768,0.06272788315054548,0.5948067376951123
EA,0.1344735709375189,0.1224109286970513,0.258003185131071,0.2457595102822444,1745000.0,0.41290698308173857,0.8441547581818377,0.5796163713996146,0.659046379345328,0.10864746611986743,0.578292195457849
EBAY,0.4702566090549939,0.7203899924869449,1.5601968725951574,0.2669742392330423,1893400.0,0.40437649829592137,0.946513451100886,0.6072457641465526,0.6689267186463619,0.1100760753678019,0.6126205446082127
ED,0.1172877707297516,0.0820054400850703,1.227916570063728,0.3516985710901931,-1450200.0,0.4065532190807465,0.8389159109312523,0.5777494513323519,0.7083853960465536,0.07788808425328933,0.5836012241236075
EFX,0.1291584530429695,0.1650533440571732,1.377278078344571,0.3117460706922867,509700.0,0.4055747731811524,0.8425345199367886,0.5815866478072798,0.6897783112814588,0.09675554560791703,0.5835456789156845
EIX,0.0542562418485519,0.049236597288719,1.759005517919943,0.2971389889543891,-3106400.0,0.4030741312666858,0.8197016440488624,0.5762353795490609,0.6829753526340454,0.06194426594851134,0.5693271470769374
EL,0.0849896455370213,0.2153868797921677,1.442252621606619,0.1762974801772923,1263600.0,0.4051491342319715,0.8290702859199405,0.5839122894749834,0.6266958163205884,0.1040131501363388,0.566036483872526
EMN,0.0813552107440065,0.1390587488157726,0.9175740437877624,0.1762131830884966,718000.0,0.40858622862784755,0.8279623800620444,0.5803855775278782,0.6266565566231714,0.09876079699838029,0.5644238709658154
EMR,0.3004112658380756,0.2543471807372071,0.635656913794299,0.2331195176027166,1959600.0,0.4104330274653951,0.8947385090801737,0.5857124352017034,0.6531595534176452,0.11071336601613924,0.5910529320738409
ENPH,0.1463199326758344,0.3465799690858692,1.4924998883452345,0.1998330408429428,415337.4,0.40481997156702465,0.8477659534053319,0.5899740157280841,0.637657036968564,0.0958471407358204,0.5737083197925704
EOG,0.2157638693555363,0.2156908081761983,0.2511622584555386,0.4779412532798772,4557400.0,0.412951797014941,0.8689349517845788,0.5839263323691211,0.7671804217666324,0.1357217292525553,0.6166638655694604
EPAM,0.1031339893529552,0.153474190718094,0.0844636562072654,0.1590631541848666,480251.4,0.4140438157399473,0.834601331583489,0.5810516374789,0.6186692707623248,0.09647205138757524,0.5644557492383094
EQIX,0.0949534843469966,0.0620679831556435,1.3786857766127385,0.4034196986498416,253869.6,0.4055655515509332,0.8321076207500826,0.5768282487999639,0.7324734855294107,0.0942927310840439,0.5900528035875643
EQR,0.3586449261890747,0.0833242289083317,0.7051251279513384,0.8083000355427753,1173199.6,0.40997795112024826,0.9124902138441728,0.577810385462917,0.9210384732837618,0.10314288836102226,0.659303996513891
EQT,0.0225141221561032,0.0237591518968522,0.4984009503706244,0.4026318617870563,950904.4,0.411332171670301,0.8100255094221267,0.5750582039796368,0.732106566134106,0.10100290872159207,0.5855812233592362
ESS,0.3039502304922188,0.0795472310283558,1.0431180123741002,0.9778435436944533,805885.4,0.4077638080276813,0.8958173122213796,0.5776358707279549,0.9999999999999998,0.09960684750510819,0.6740807036658679
ETN,0.1113894757178213,0.134359727349329,0.537426293642167,0.1894962951151172,2236250.0,0.41107652222256985,0.8371178994198402,0.5801684610475791,0.632842902633108,0.11337660556089038,0.5706464588315223
ETR,0.1308070426907454,0.1215643905302183,2.0803862309898875,0.3774280392935319,-2043845.8,0.40096881213506164,0.8430370690901118,0.5795772574290712,0.7203683856229812,0.07217320635654101,0.5866685402025285
ETSY,0.0639057084793892,0.4896073470585245,-0.865023689826751,0.1096881765900323,651327.0,0.42026377167863904,0.8226431469825304,0.5965825407398556,0.5956738540992446,0.09811895289873383,0.5604691055580817
EVRG,0.1351433801140287,0.0801057113888961,1.2547891191969438,0.4160917968860601,-354360.0,0.4063771808509933,0.8443589400017328,0.5776616750983036,0.7383752639834391,0.08843745863507167,0.594002306651229
EW,0.2478211405131222,0.2270923854912123,0.1231670381630025,0.3106639082235477,908050.0,0.4137902754147934,0.8787071558620642,0.5844531378655786,0.6892743155719316,0.10059036025693788,0.5945762339049138
EXC,0.0963745800058324,0.0728081609869969,1.3524668058855511,0.387479555954389,-3111400.0,0.40573730828193355,0.8325408215900264,0.5773244945875566,0.7250496801768542,0.061896132213742655,0.5835868997488641
EXPD,0.0785596866849231,0.3296352589996392,0.1705501052863485,0.1128889439383938,1038315.2,0.41347987571228195,0.827110204233522,0.5891910919130123,0.5971645480175515,0.10184439037421572,0.559991107168382
EXPE,-0.1139673632612541,-0.090662495253497,2.1907758397954438,0.0162433051292205,766500.0,0.40024566558052577,0.7684210658704445,0.5697713957629208,0.5521537583150563,0.0992276942256365,0.5274952756790033
EXR,0.3785491413256318,0.1534625619974359,1.4898305118758164,0.7329502237809159,1215741.8,0.4048374582708685,0.9185577312994313,0.5810511001783327,0.8859457927125022,0.1035524313552775,0.652405266577945
FANG,-0.0162798221688872,0.082310919411841,0.4747555483488419,0.2671354210662877,1547400.0,0.4114870693204302,0.7981997261528386,0.5777635658872026,0.6690017858888102,0.10674522092180916,0.5684017595525271
FAST,0.1547323226652011,0.3267209725891019,0.2151265795997881,0.2320999916506932,893575.0,0.41318786159825516,0.8503303510844535,0.5890564384298226,0.6526847294236379,0.10045101309478253,0.5794043178585213
FCX,0.1084067156554829,0.101708529360466,0.437905638613576,0.3788380911965605,2055800.0,0.4117284678138968,0.8362086473534351,0.578659824997389,0.7210250893341765,0.11163945907308867,0.5918921560636031
FDS,0.2351101771415584,0.3490845903860773,1.1581127914181002,0.358617775882488,498501.75,0.4070104936609118,0.8748323991032073,0.5900897407923484,0.7116078784643005,0.09664774288884236,0.5993307153893817
FDX,0.0484916898827128,0.1670446705730123,1.4587129436360928,0.1187049532244562,3149200.0,0.4050413050142493,0.8179444022066441,0.5816786562833706,0.5998732390056633,0.12216534419230389,0.55870300650419
FE,0.0833664235898941,0.1090227628356263,2.612122834831105,0.3272403556126197,1411750.0,0.39748548161918196,0.8285754697500799,0.5789977763431221,0.6969944672170276,0.10543935269753482,0.5817063793941059
FFIV,0.1294771030615537,0.1373984614773858,0.2547287439217635,0.2083833952669032,555933.75,0.41292843347824026,0.8426316558718965,0.5803088645897123,0.6416391949800454,0.09720062621988934,0.572017866141221
FICO,0.2588344662106536,-0.9774931222933968,-3.6096593397782257,0.3773875241302877,431818.5,0.43824348766091936,0.8820644118730027,0.5287957275861701,0.7203495164891536,0.09600580011503962,0.5910276327704295
FIS,-0.4526595437335173,-0.1850109932720183,0.635868650516622,0.4431884988308329,3163600.0,0.41043164040838065,0.6651755621981759,0.5654120596846374,0.7509950155614233,0.1223039693484377,0.5547844188041628
FI,0.1249025663286716,0.0717049193411495,0.6804033654858193,0.3849418341298788,3376600.0,0.41013989985385124,0.8412371732818492,0.577273519731456,0.723867786562472,0.12435446644958352,0.5952617798467669
FOXA,0.1101198505310491,0.1358966262507541,0.7290958075545403,0.2072051797751289,1633000.0,0.4098209226231596,0.836730872203267,0.5802394728704524,0.6410904644798602,0.10756927046104897,0.5716326852198682
FOX,0.1101198505310491,0.1358966262507541,0.7290958075545403,0.2072051797751289,1633000.0,0.4098209226231596,0.836730872203267,0.5802394728704524,0.6410904644798602,0.10756927046104897,0.5716326852198682
FRT,0.2407967516780918,0.080253469300588,1.4886804209765314,0.6926249196641154,60902.25,0.40484499235202176,0.8765658706329476,0.5776685021958071,0.8671650820083769,0.09243508323526084,0.6346996254297741
FSLR,0.1720949507481453,0.0936056992945957,0.0720367603969311,0.2831688035594489,-344292.4,0.41412522255881423,0.8556231018028146,0.5782854368493614,0.6764690158281177,0.08853437687270312,0.5822870674068602
FTNT,0.1950726846112427,-1.0476503478808314,-0.8158614166240598,0.2434460989555692,1335600.0,0.4199417166513194,0.8626275378149921,0.5255541399501323,0.6579689538970266,0.10470627591700782,0.5692377709682209
FTV,0.1717435639663028,0.0972450628121994,0.4123649190787821,0.2873238730813104,1206300.0,0.411895781418246,0.8555159865301074,0.5784535922415242,0.6784041570590327,0.10346153753588971,0.584802242729874
F,0.0309818007234135,0.0951689452609674,3.7071283950878815,0.0818490996971384,8006200.0,0.390312256651131,0.8126067610394442,0.5783576660282413,0.5827083561111585,0.1689224541466009,0.5577877895818142
GDDY,0.1461135382281114,5.853514467228921,-51.95118493841036,0.129162478415919,859940.0,0.7549219146969113,0.8477030369875965,0.8444198070515023,0.6047436239811392,0.10012721746099362,0.6647278910938997
GD,0.0831546314740202,0.1812655198121698,0.7150715603471838,0.1321249136825674,3386500.0,0.40991279346279474,0.8285109079298255,0.5823357251552027,0.6061233194587349,0.12444977124442551,0.563901233168884
GEN,0.2482000493712459,-1.7124506160970945,-6.6643078385844365,0.4476924965192507,1309400.0,0.45825405352061943,0.8788226608490655,0.49483729914235675,0.753092663166342,0.10445405514681992,0.593181669413526
GE,0.0311318509172753,0.0873781381556913,1.1467990276283635,0.1046065725476166,3537200.0,0.40708460851095896,0.812652501711165,0.5779976947811494,0.5933071977894224,0.12590052201035357,0.5555828877230832
GILD,0.1296217140948949,0.1636918124289369,1.315973995536507,0.2966790175302096,8196800.0,0.4059763674683442,0.8426757384927384,0.5815237387618434,0.6827611300648948,0.17075731211598305,0.5929513853941011
GIS,0.131609089206467,0.2443965246929781,1.217722552821087,0.2105555299998224,2454350.0,0.40661999863115583,0.843281561585831,0.5852526689647498,0.6426508236564511,0.11547619907150025,0.5757796932755986
GLW,0.063038263623882,0.0682401397786439,0.6556925882440848,0.2405094218509572,1051000.0,0.4103017766248229,0.82237871873122,0.577113430923819,0.656601254772591,0.10196650373397448,0.5703485043294859
GM,0.0610878412332973,0.1434271681481841,1.819855179092681,0.1622701252675308,-5232600.0,0.4026755138306981,0.8217841601505973,0.5805874186636758,0.6201628539468573,0.0414758765754773,0.552122541059674
GNRC,0.0939849194768804,0.164399668479184,0.6806403293914629,0.1762584988720248,321443.8,0.4101383475371634,0.8318123674976604,0.581556444978507,0.6266776615506956,0.09494325080804507,0.5652669408816389
GOOGL,0.2469713017368097,0.2647075829326921,0.1122828498451852,0.3424870655632898,60029400.0,0.4138615761773028,0.878448094574088,0.5861911336020471,0.7040953200201177,0.6697366362702132,0.6840302901073253
GOOG,0.2469713017368097,0.2647075829326921,0.1122828498451852,0.3424870655632898,60029400.0,0.4138615761773028,0.878448094574088,0.5861911336020471,0.7040953200201177,0.6697366362702132,0.6840302901073253
GPN,0.0898295606907911,0.03232377549415,0.5445758622963048,0.3497061120059188,1794034.0,0.41102968641986526,0.8305456653546982,0.5754539291202456,0.707457447740369,0.10911950402999694,0.5858351548003142
GRMN,0.2289595494817789,0.1838487111785854,0.0149686152304552,0.2597937294097748,944383.2,0.41449906782375745,0.8729574675658183,0.5824550805191695,0.6655825385923612,0.10094013077935736,0.5868396980686166
GWW,0.0878985411229272,0.4780229649961289,1.079345711496904,0.142376731172367,1067750.0,0.40752648554703397,0.8299570214491698,0.5960472888203253,0.6108979001515362,0.10212775174544955,0.5652973639217787
HAL,0.0399147087331681,0.0944077700871424,1.4159497531299734,0.1342712663085832,1588400.0,0.40532144056514097,0.815329831248621,0.5783224962219716,0.6071229406301335,0.10713991754691234,0.5567969487137325
HAS,-0.0766545230950987,-0.2998610397816746,1.864827542452796,0.074978139407097,605460.0,0.4023809063040922,0.7797953555603508,0.5601054574402244,0.5795083426136027,0.09767740289620681,0.5347419899683847
HCA,0.0899136994765409,-12.422144729886806,-89.36279091748295,0.2094510845869023,5096200.0,1.0,0.8305713138692313,0.0,0.642136450107563,0.14090862051122838,0.4893132340708829
HD,0.1022178403401291,6.740936653897519,22.77054452051345,0.1658225696176535,15320200.0,0.2654305414430542,0.8343220565611481,0.8854228080134695,0.6218173344546525,0.23933248136622792,0.6478334761065572
HES,-0.0678402103140732,-0.0045114072274687,1.2025258362233364,0.3512268200608438,333000.0,0.40671955015024197,0.782482273697442,0.5737519736640285,0.7081656873598957,0.09505449942119183,0.5710301136085446
HII,0.0617366624426915,0.2271234390260098,0.9354339780516812,0.1136633804895746,533800.0,0.4084692307503577,0.8219819440866296,0.5844545726822153,0.5975252264834671,0.09698755020950207,0.5563854914195391
HLT,0.0542669962688734,-0.498066389204761,-8.013460509130411,0.1746109357990025,1128000.0,0.46709215989498665,0.8197049223812445,0.5509474554709805,0.6259103417221431,0.10270776324941217,0.5612560603705025
HOLX,0.2521186745348538,0.3033644716053612,0.7714795754661776,0.4034879182427152,1446475.0,0.4095432726154714,0.8800171981075147,0.5879772602813703,0.7325052574519336,0.10577364148550332,0.6069453024445773
HON,0.1513693984818506,0.3027840095620437,1.216913029705024,0.2414847789311287,4946400.0,0.4066253017014224,0.8493052113819735,0.5879504402558199,0.6570555079904431,0.1394665338175587,0.5851603001498352
HPE,0.0550592741909767,0.0772370374940994,0.771658409182002,0.1663589366066792,1803400.0,0.40954210110135136,0.8199464370598589,0.5775291291238678,0.6220671367431351,0.10920966814196563,0.5622213360631454
HPQ,0.0633243086542764,-2.1514999842982165,-5.538149451954522,0.0927247165173237,3941800.0,0.45087675083819356,0.8224659154984877,0.4745511918789325,0.5877734589715662,0.12979550382783525,0.5357546422452413
HRL,0.07705816146688,0.1230965902012093,0.38717764528003,0.1219268380011364,813321.2,0.4120607796500796,0.8266524855841061,0.5796480521258089,0.6013737679474312,0.09967843007010678,0.5580764188898606
HSIC,0.0390460524669988,0.0998681529630647,0.3376805355122351,0.0747587312842064,486016.2,0.412385028143895,0.8150650337159656,0.5785747911134873,0.5794061576314335,0.09652754765841413,0.5489791305783732
HST,-0.0100627812936908,0.0394594262216811,0.7945336262162087,0.2328316778697545,331600.0,0.4093922488230297,0.8000949028162494,0.5757836291187814,0.6530254977701477,0.09504102197545661,0.5624213856049161
HSY,0.1627612453490629,0.5311455475172968,1.710988288653126,0.2448020344875777,1517907.2,0.40338868527478833,0.8527778541985944,0.5985017973225237,0.6586004539815973,0.106461301199252,0.5837780900830455
HUBB,0.1145214550861799,0.2286376591198312,0.7364261514992558,0.187009566956066,577600.0,0.409772902587356,0.8380726388736016,0.5845245366395022,0.6316847583071614,0.09740920172607573,0.5691591539727133
HWM,0.0745280010892383,0.1160177579952359,1.2084843844684543,0.1858751712027337,303500.0,0.40668051655206083,0.8258812021071833,0.5793209774052177,0.6311564359811694,0.09477051038605662,0.5639732820865072
IBM,0.0874489327935809,0.2445553432273482,2.786582170458103,0.1909239659794658,11394750.0,0.396342623438685,0.8298199647319056,0.5852600071140719,0.6335078120261377,0.20154316753668391,0.5820126834423999
ICE,0.2599020460470064,0.1083888743478488,0.7946043840736183,0.5206769889971531,2922600.0,0.4093917852984158,0.8823898484324204,0.5789684877692454,0.7870837431875792,0.11998392333258726,0.6210472868770409
IDXX,0.2197727120969733,0.920918906065368,1.5533842368396011,0.3119697394290329,583302.25,0.4044211268993493,0.8701569905910416,0.6165111255042903,0.6898824805600394,0.09746409584389266,0.5991993762303616
IEX,0.1743339032068168,0.1730317952829007,0.461964965176351,0.2781340112182003,553340.0,0.41157085860324205,0.8563056146791718,0.5819552890788166,0.6741241611397946,0.09717565684497809,0.5838297006115166
IFF,-0.0973707124598629,-0.073553503614967,0.6729266279009245,0.0322200220241933,675200.0,0.41018887889347455,0.7734803192871401,0.5705619101439579,0.559594597375739,0.09834877222876039,0.5316804104253708
INCY,0.0988088368804958,0.0711774688951719,0.0115501084615244,0.1367813567357208,291618.0,0.41452146197315576,0.8332828702453625,0.57724914908638,0.6082919654691459,0.09465612537875231,0.5603565612043504
INTC,0.1391485743987529,0.1138257982444705,0.4257990039188707,0.333099299125792,-1188400.0,0.41180777664795487,0.8455798666279544,0.5792196987476413,0.6997231539699902,0.08040836660577749,0.5843727124920586
INTU,0.1812436169940562,0.1648965174577815,0.3657553553851732,0.2834788560012153,4167800.0,0.41220111401030934,0.858411942847717,0.5815794016945475,0.6766134166042421,0.13197114863937964,0.5901669739835644
INVH,0.1619555849470401,0.0372684785168109,0.8348311849138413,0.6038301058414515,779411.6,0.4091282652738196,0.8525322600609333,0.5756823972223966,0.8258106583541895,0.09935199093160436,0.6193219540765024
IPG,0.0826177020212689,0.2381576227709786,1.3485779471271049,0.1527835999917491,1066060.0,0.40576278364001006,0.8283472326075654,0.584964402900015,0.6157446929262786,0.10211148254309774,0.5631570828539304
IP,0.0455301592526888,0.1034240246997984,0.9044971055165332,0.1267776676320621,1293200.0,0.408671893781996,0.8170416216313402,0.5787390888000138,0.603632945651573,0.10429810184616939,0.5563653186758567
IQV,0.0708852763635669,0.1701910455083636,2.1605922028309723,0.2042863802578625,1711600.0,0.4004433942735648,0.8247707691809877,0.5818240333276218,0.6397310914872016,0.10832593277161265,0.5678747028420512
IRM,0.073007346377009,0.4709901639643369,19.144803494009544,0.3428760322568598,27626.6,0.28918225285254295,0.8254176521029971,0.5957223409524401,0.7042764735440767,0.09211474697298976,0.5740895539810813
IR,0.0867099035503028,0.0582282402641418,0.3484856070103637,0.2037469874200864,952860.0,0.4123142456643669,0.829594682157196,0.5766508349558667,0.6394798799696689,0.10102173478793479,0.5678160340553098
ISRG,0.2566506312606063,0.1371388064368705,0.007609220171711,0.3229225836910093,1004140.0,0.4145472781692582,0.8813987007867876,0.5802968673283907,0.6949835505699693,0.10151539437172238,0.595851816643971
ITW,0.1839275192853122,0.8639276041776409,2.530904849828368,0.2777656802686431,2536200.0,0.39801752903430176,0.8592300923647254,0.6138778643111048,0.6739526183043835,0.11626414830966357,0.5940065188949332
IT,0.13240381603183,1.8064801561694048,7.43559126996062,0.2326691719273105,1029502.75,0.36588762909013817,0.8435238227778433,0.6574281426077365,0.6529498138500983,0.10175955514802326,0.5903281409901369
IVZ,0.0855313787641639,0.03452441512997,0.5663904031795531,0.2712176277093449,932850.0,0.4108867824794564,0.8292354256046369,0.5755556088285739,0.6709029926788608,0.10082910358139054,0.575136550563172
JBHT,0.0572418265616865,0.2119362850505625,0.4102411181704383,0.1318756042066211,196822.0,0.4119096941345425,0.8206117571699684,0.5837528560715426,0.6060072085143516,0.09374354827452594,0.5578454570935988
JCI,0.0574397871915637,0.0806909830499656,0.4621109356257798,0.1151667322105334,1650400.0,0.41156990237168445,0.8206721026580468,0.5776887173503932,0.5982253827346411,0.10773677585804399,0.5564640573016454
JKHY,0.1770159072219387,0.2364417773060242,0.1031376620881132,0.3269640494773571,292669.0,0.41392148499561154,0.8571231855336456,0.5848851229199704,0.6968657831139367,0.09466624308980069,0.5903106078549194
JNPR,0.0603536348605523,0.0684011888680404,0.4226336277022301,0.1221751673221135,465440.0,0.4118285125752731,0.8215603477595119,0.5771208721350786,0.601489422404075,0.09632946578774466,0.5556749317003554
J,0.0382502752565616,0.0878152366077356,0.5325445181663195,0.0747511221061289,692379.8,0.41110850203619154,0.814822452328973,0.5780178907470819,0.579402613807641,0.09851415781607618,0.5489487130969546
KEYS,0.1825765324775293,0.2309186611866044,0.5139431828799457,0.2874833417005223,1054500.0,0.4112303567258463,0.8588182632128695,0.584629929463057,0.6784784264060196,0.10200019734831255,0.5869047200453179
KHC,0.0643756992248166,0.0344187918698314,0.4546180786596491,0.1751417988014332,3245000.0,0.4116189870070711,0.82278641699002,0.5755507285464465,0.6261575806380182,0.12308758655047183,0.5657487182268991
KIM,0.4206648958236704,0.0729024932419441,0.8091483641584254,0.8347410656274175,816597.4,0.4092965097629613,0.931396121248749,0.5773288531731301,0.9333528586954727,0.09970996921847661,0.6664056046384055
KKR,0.2156476412540775,0.0504475107508773,0.784776715666591,0.7818840878449133,-2495856.6,0.40945616494994796,0.8688995212976416,0.5762913293400393,0.9087357694962865,0.06782181276458513,0.6396005434431745
KMB,0.0995993425854672,2.395607878674479,10.349545441059732,0.1730786431265147,2217000.0,0.3467987316684824,0.83352384468874,0.6846485625335434,0.6251967067967202,0.11319129068203096,0.5875008452739038
KMI,0.1122154281675414,0.0576786564859465,1.024375580278603,0.4114924773976076,3748600.0,0.40788658702237235,0.8373696793002077,0.5766254416486849,0.7362332221404742,0.1279356163163734,0.597536086922035
KMX,0.025085992090157,0.1264176632906598,3.444524545243275,0.0640082684118504,-281423.4,0.3920325369499542,0.8108095074652781,0.579801501031107,0.5743993427403081,0.08913960082693756,0.5438267816282094
KO,0.2345291915170197,0.3889310110819289,1.6908250715973416,0.3567769565716084,9652000.0,0.4035207716287488,0.8746552938823304,0.5919308293414823,0.7107505533754168,0.18476615428306004,0.6124011694551413
KR,0.0158376894694525,0.2250431373695332,2.001709625598168,0.0489802776908257,2717800.0,0.4014842113354685,0.807990293685802,0.5843584531439582,0.5674003540810197,0.11801236555646208,0.5477875511947111
KVUE,0.0807704355026883,0.076440543703,0.2303207610459152,0.2315025078194114,2014000.0,0.413088326686585,0.8277841196302836,0.5774923274344653,0.6524064631778783,0.1112370610504225,0.5724151193868787
K,0.0914663389130635,0.2996981241483839,1.9098178343348235,0.1528751832664568,1190000.0,0.40208618133030083,0.8310446139626131,0.5878078581066628,0.6157873460202923,0.1033046215605438,0.5643642658895037
LDOS,0.0387188285646941,0.1286643864486086,1.2889265024396053,0.088973499568906,1053800.0,0.4061535517310071,0.814965284154107,0.5799053100108582,0.5860264040679606,0.10199345862544493,0.5511386235251489
LEN,0.1297023364521152,0.1692465334688443,0.2890553042629012,0.1756765644223186,3718515.5,0.41270356508611206,0.842700315073948,0.5817803925119573,0.6264066371210462,0.12764600044764374,0.5731390927524956
LHX,0.0695734492109246,0.0665528810701437,0.4618442954026617,0.1576722115318029,1961000.0,0.41157164909368793,0.8243708772941521,0.5770354717838662,0.6180214668053464,0.11072684346187447,0.5626231453994912
LH,0.0940952342254494,0.1245048901803465,0.6745452689662893,0.1779956737378855,1538940.0,0.4101782754071309,0.8318459953829059,0.5797131220849183,0.6274867162946774,0.10666377864258055,0.5667788527777256
LIN,0.132257832507954,0.0964212327506615,0.4076473962831514,0.3238637085487904,5469250.0,0.4119266852360285,0.8434793217727437,0.5784155274902556,0.6954218608090998,0.1444998784623197,0.5921968278109755
LKQ,0.0691658499996858,0.1572319942195436,0.7778911900142267,0.1263602310593128,1024400.0,0.40950127104467504,0.8242466264602472,0.5812252653449816,0.6034385328459704,0.10171043226500509,0.5584342981070181
LLY,0.2021001826729223,0.7073777443407406,2.113760471492953,0.29804943793335,1535660.0,0.40075018225412284,0.8647697708477191,0.6066445382235688,0.6833993761909466,0.10663220291257229,0.5947732699778567
LMT,0.0965473322777193,0.8306027568138358,1.805992625689991,0.145709619390375,6685600.0,0.40276632543732216,0.8325934826679899,0.6123381025505328,0.6124501267448013,0.15620937211949681,0.5780534663524879
LNT,0.1709629471297628,0.1055223709888137,1.3320063491347889,0.4300354293362097,710800.0,0.4058713418106654,0.8552780265679044,0.57883604208358,0.7448692342819002,0.09869148442031339,0.6001366825774597
LOW,0.0768852505163651,0.3339101690000721,1.70145383473747,0.1354768775781243,7613500.0,0.40345114412008265,0.8265997761352152,0.5893886124860758,0.6076844301705299,0.1651420306178687,0.5710346237026438
LRCX,0.2613973778479334,0.5813262468008362,0.7016481710389721,0.3294634843891693,3796255.0,0.41000072816818467,0.8828456791065405,0.6008203772407466,0.6980298453579948,0.1283943789424537,0.605683205084507
LUV,-0.046441895688405,-0.0289009274315925,1.0751504568959742,0.0318143110624683,-424800.0,0.40755396806049604,0.7890052461740555,0.5726250652596468,0.5594056455409412,0.0877593505796505,0.534178288636658
LW,0.1096986560976068,0.6114996839707476,4.239444625390402,0.1933172100566993,75820.0,0.3868251290851218,0.8366024770588498,0.6022145293048821,0.634622417994854,0.09257869263962995,0.5709291728941033
LYB,0.0713243790417157,0.2616923098455362,1.3139524579384951,0.1326926627430773,3478400.0,0.4059896102723063,0.8249046233996062,0.5860518140682891,0.6063877373246757,0.12533446928947387,0.5637351751187945
LYV,-0.252527965276861,-3.465458962028632,20.722979829263178,-0.1124356759801046,672262.75,0.27884384517416194,0.7261828331356747,0.4138402224697517,0.49222407468722756,0.09832049606627052,0.45069424150052023
MAA,0.2504664797514714,0.0797219088970325,0.7296079199641613,0.6231430479659636,559209.2,0.4098175678479361,0.8795135499797747,0.5776439416517214,0.8348052781550819,0.09723215814819895,0.6285572729536679
MAR,0.0835427939141678,1.3151234776078415,12.315690465425837,0.1429952857662224,1987600.0,0.3339187965416829,0.8286292337399573,0.6347251961788655,0.6111859796871116,0.11098291493084385,0.5686744192952784
MA,0.4472219866967329,1.421745952205571,2.064245393076624,0.5930750315847299,9430200.0,0.4010745484579873,0.9394916734384581,0.6396516466262112,0.8208016958022439,0.18263094180872136,0.6674883500838351
MCHP,0.195122421598261,0.2276051012057999,1.2161002981618227,0.4217511044089024,2413720.0,0.4066306257896367,0.8626426994294961,0.5844768276980555,0.7410109742328728,0.11508506434276995,0.6049584475704852
MCK,0.001937306012636,-2.0068352674192083,-1.8055419144973648,0.0073303706112807,4007000.0,0.4264249721848101,0.803752959097104,0.4812353695053905,0.5480027358151045,0.13042316772921886,0.5204537384822636
MCO,0.308212793530938,0.9944157090269756,4.237544466585751,0.4740651508196328,1676500.0,0.3868375767539515,0.8971166940590521,0.6199070170289878,0.7653752039124893,0.1079880339535365,0.6254816915185579
MDLZ,0.1234258705723724,0.1396043159800463,0.7549993751207464,0.1937452367375099,3297000.0,0.4096512320532013,0.8407870235414058,0.5804107852489581,0.6348217629332744,0.12358817739206612,0.5735082427450395
MDT,0.1266470004726942,0.0774409101649952,0.4841219078090198,0.2626036064263031,5157600.0,0.411425711637896,0.8417689392693946,0.5775385489822469,0.6668911830903353,0.1414997027741878,0.5839171944154119
META,0.3010116805394074,0.2737897155164854,0.1629622748625563,0.4362995205077983,35001600.0,0.41352958250521965,0.8949215369793262,0.5866107700464186,0.7477866105223154,0.42880033886149277,0.6630027384667609
MGM,0.0320961396797983,0.1314316848480214,4.218917765271453,0.2230006515290838,670830.4,0.38695959761283083,0.8129464514528844,0.580033171969504,0.6484468922103734,0.09830670719527133,0.5637985947487641
MHK,0.0151765090808641,0.0169040760915924,0.3740126405702891,0.0892053480133885,692338.4,0.4121470217148836,0.807788742229424,0.5747414678375165,0.5861343828832081,0.0985137592687523,0.5481579142993384
MKC,0.1146392660043637,0.1604788090304689,1.1289063135120505,0.1912903045635696,719640.0,0.40720182112457814,0.8381085518597503,0.5813752831750694,0.6336784269568493,0.09877658486338442,0.5688272353398827
MKTX,0.3663576809249702,0.2464128848627406,0.0799664123441674,0.565168145789642,276189.6,0.41407327654191683,0.914841337647202,0.5853458341111958,0.8078046171626745,0.0945076000760513,0.6325814148958673
MLM,0.1821508341349834,0.1595650764922417,0.6787815199281076,0.3358008847835915,655720.0,0.41015052433236643,0.8586884951156925,0.5813330645144288,0.7009813639151548,0.0981612431981016,0.5909899697992709
MMC,0.1515532731727066,0.2906287613089953,1.2833593891622583,0.2651146513591527,3322000.0,0.40619002109464364,0.8493612629714833,0.5873888116834222,0.6680606524714543,0.12382884606590952,0.5853960108009407
MMM,0.0728791959775874,-0.0581839289803209,1.8355388057935105,0.151397055329148,5342500.0,0.40257277263309765,0.8253785872727561,0.5712720554310564,0.615098937246142,0.14327968828593363,0.5646866254936884
MOH,0.0287924963257725,0.2744255228424159,0.8510398922194775,0.0482954469960214,1531500.0,0.40902208434820186,0.811939382669766,0.5866401472794746,0.567081407765744,0.10659215564524474,0.548306266210353
MOS,0.1002282204771606,0.1258381847150701,0.3812730222676684,0.2012559110079242,1093740.0,0.4120994599917659,0.8337155491874553,0.5797747264463048,0.6383197105310658,0.10237795089877716,0.5695191351751996
MO,0.2510935997311404,-0.9552449366645837,-5.459981251447049,0.418881390071978,8383000.0,0.45036468212554115,0.8797047186039619,0.5298236964497444,0.7396744616895538,0.17254981239876874,0.6082196592581844
MPC,0.0271593944069692,0.1813035657790724,0.8985822372015783,0.0609081120609694,7504400.0,0.40871064123919576,0.8114415547307805,0.5823374830544765,0.5729555063988683,0.16409175252521607,0.5571684630487334
MPWR,0.2181257809339246,0.2225301339022833,0.0024016168838053,0.2646001242569727,363426.6,0.41458139243432157,0.8696549470032462,0.5842423407848882,0.6678210216771648,0.09534740860005439,0.586189827899765
MRK,0.181793597749942,0.2634149206571025,0.920207691819996,0.2833154106152861,10496400.0,0.4085689759758907,0.8585795966744818,0.5861314066385728,0.6765372951570195,0.19289497941079495,0.6001032191267268
MRNA,-0.6938915909754941,0.0391222110157983,0.0764303526568857,-0.524926257165738,2414400.0,0.4140964407636869,0.5916393967494726,0.5757680482198374,0.3001147665717719,0.1150916105306985,0.42555393854124396
MRO,0.0494808625564176,0.1816707389768319,0.8397612069331085,0.1394145582884498,14972400.0,0.4090959694039855,0.8182459374554741,0.5823544481509177,0.6095183268734943,0.23598429877571847,0.5788369198767278
MSCI,0.3878944477775066,-2.0538328286924497,-11.294392194583054,0.6020026700011879,952765.25,0.4885850745784879,0.9214065153199249,0.47906386525516326,0.8249595663513386,0.10102082265366093,0.6203691175875046
MSFT,0.3583925202899812,0.3995122296123971,0.3426114250945482,0.5186885061096784,65776800.0,0.41235272659077926,0.9124132714885937,0.5924197304756903,0.7861576467162024,0.725065401712117,0.722742745086017
MSI,0.148342908947667,-4.80603482382154,-27.341741247598936,0.2523209465315038,1721800.0,0.5937089653385754,0.8483826290067915,0.35189943016543235,0.662102238159039,0.10842412559054075,0.5412305897052544
MTCH,0.1170330004234119,-9.177750862104432,-58.76246752937212,0.2384202985669727,724569.0,0.7995416537368483,0.8388382478196855,0.1499059713405161,0.6556282870323324,0.09882403509911938,0.5058708971866863
MTD,0.208505830084879,9.220714715736156,20.70569975880651,0.3029780616447017,786108.8,0.278957044446703,0.8667224415366976,1.0,0.6856947849453179,0.09941646318130293,0.6809124805423696
MU,0.0343938347810562,0.0418760052091769,0.2038054465069534,0.3765290130412451,-371600.0,0.4132620247235539,0.8136468711900152,0.5758952862218351,0.7199496819745052,0.08827149351758927,0.5819398863465827
NCLH,-2.634737731592421,-8.82876080806807,63.28898915826535,-1.1693224902268748,-2260531.25,0.0,0.0,0.16603092261662583,0.0,0.07008723036083454,0.05202081520828164
NDAQ,0.1734137159733148,0.1475179818398791,0.9625684896078106,0.3121479375679131,1322600.0,0.40829147644220176,0.8560251086625781,0.5807764331375707,0.689965472809388,0.10458112820660924,0.5882080705275957
NDSN,0.1742000994332952,0.195654392167575,0.560298025634531,0.2824083575961466,519361.8,0.4109266927742593,0.8562648264980829,0.5830005574705239,0.6761148532010601,0.09684855731163464,0.5844650121665879
NEE,0.2147745830815859,0.0969294889159787,1.2232632876350549,0.5192685489974409,882200.0,0.4065837020690638,0.8686333819063264,0.578439011270973,0.786427790188388,0.1003415088481838,0.6140846423755557
NEM,-0.0077175771571114,-0.0038503807178625,0.3016772375565118,0.2236838262208941,1608200.0,0.4126208806045597,0.800809805008434,0.5737825161397706,0.6487650672750946,0.10733052713659631,0.5632010142367703
NFLX,0.1462981254033575,0.262806781590829,0.960571402855346,0.6356528794186133,2585364.0,0.4083045590721682,0.8477593057678593,0.5861033078068172,0.8406314840725642,0.11673743769689705,0.6269645959735615
NI,0.0961264885326962,0.0629103020290168,1.4721879031497154,0.3654630463434859,-767200.0,0.4049530324798122,0.8324651944259596,0.5768671678196752,0.7147959274334323,0.0844631524226912,0.5841968485311517
NKE,0.1169978331377801,0.4003207282644057,0.8813446349604875,0.151525470876929,5470250.0,0.40882356230852457,0.8388275275718405,0.5924570868450758,0.6151587442409213,0.14450950520927344,0.5741696216767029
NOC,0.1172880041061091,0.3255230841021769,1.1517125101469332,0.1925859469620557,2150750.0,0.4070524209890307,0.8389159820727222,0.5890010904528173,0.6342818467101508,0.11255351869634592,0.5731379997122775
NRG,0.0417368453616228,0.2854858365908482,3.4065876541016262,0.1220950694453197,241250.0,0.3922810561033033,0.8158852837356024,0.5871511848240384,0.6014521184063736,0.09417124538818654,0.5544759391600619
NSC,0.2058862685486987,0.1776411673572303,1.1305685384665305,0.4286091745160246,1742800.0,0.40719093212640434,0.8659239053855934,0.5821682633434192,0.7442049843833582,0.10862628727656921,0.6050873245822185
NTAP,0.1606193424223395,1.0554381148607894,3.0073349624835184,0.2334159266857187,1193200.0,0.39489650343984917,0.8521249254944882,0.6227265338302279,0.6532976000699857,0.10333542715079577,0.5870272292652797
NUE,0.133554928929166,0.2800091250861961,0.3789858724157365,0.2170493033997718,4696094.0,0.41211444278365217,0.8438747232051971,0.5868981354745099,0.6456751698399132,0.13705690129455678,0.5808819866024538
NVDA,0.3181391513324892,0.3782435543116076,0.4239747944863313,0.3922673275448816,10913750.0,0.4118197267832998,0.900142603335798,0.5914370195102457,0.7272794898491639,0.1969127022519368,0.6254336561899225
NVR,0.1505064979096958,0.4055894452278902,0.3868475148900374,0.1941750035878414,1392511.2,0.4120629422870945,0.8490421683909396,0.592700525886794,0.6350219183211401,0.10525414563824129,0.5761855692241641
NWSA,0.0326176851093894,0.0359507014474621,0.4412366023328742,0.1333776456803323,699800.0,0.4117066471465083,0.8131054371740516,0.5756215098395321,0.6067067545438536,0.0985855902038223,0.5548169286345834
NWS,0.0326176851093894,0.0359507014474621,0.4412366023328742,0.1333776456803323,699800.0,0.4117066471465083,0.8131054371740516,0.5756215098395321,0.6067067545438536,0.0985855902038223,0.5548169286345834
NXPI,0.1492244329904997,0.2385728647594581,1.27070134511317,0.3419830419465906,2320000.0,0.40627294213259557,0.8486513490985119,0.5849835889964512,0.703860581015897,0.11418284561826579,0.5921286008337143
ODFL,0.1989028702309294,0.2878604963044939,0.02583814574658,0.3197365343634618,774683.0,0.41442786308241264,0.8637951155338265,0.5872609050631599,0.6934997112779846,0.09930646989595893,0.5924776897613778
OKE,0.0973696301378605,0.1941752037979715,2.0214819416579544,0.2239943243573835,1520671.75,0.40135468571807986,0.8328441484985991,0.5829322121405863,0.6489096756246979,0.10648791482254295,0.5722801648611603
OMC,0.0878410198517922,0.3053872460666371,1.6247585447254609,0.1609321757182246,1293240.0,0.4039535640065324,0.8299394869061463,0.5880707217976897,0.6195397304770515,0.10429848691604754,0.5654276142332822
ON,0.1871604030919868,0.2441796320025901,0.6399236571519837,0.3186365484534584,905600.0,0.41040507663930215,0.8602155911042257,0.5852426475213757,0.6929874146541439,0.10056677472690122,0.5907369371929017
ORCL,0.2139329174215043,2.3482844303838704,19.857791288077664,0.3926981028590018,10065600.0,0.2845115716871197,0.8683768120768205,0.6824620007989673,0.7274801149090404,0.18874777682312538,0.6263430556383878
ORLY,0.1516586373982037,-5.394855351845726,-12.947477782348184,0.2331555519153283,2352813.8,0.4994142020668463,0.8493933817600402,0.3246932040425127,0.6531763356841502,0.1144987357674563,0.5239319609434788
OTIS,0.0871704815542137,-0.3167829362552087,-1.9335611550367584,0.158758923248295,1456250.0,0.42726360793786766,0.8297350828240428,0.5593235877193564,0.618527581236799,0.1058677429369761,0.5605030851793827
OXY,-0.0414782186047246,-0.0154477397896553,1.1966772897207505,0.3606250945178155,6227600.0,0.4067578631427252,0.7905183526764156,0.5732466646225101,0.7125427473117094,0.1518003220146856,0.5825227757691341
O,0.2129114845056747,0.0281751650288121,0.6844909876969296,0.8777496824140698,2242571.6,0.41011312242479625,0.8680654427510947,0.5752622441686448,0.9533832690629964,0.11343746200443311,0.6572046705388286
PANW,0.1080464765385587,0.0263580242481368,5.28494908244013,0.0901020705369313,2402340.0,0.37997617877133616,0.8360988335720321,0.5751782838774808,0.5865520136157067,0.11497551196243642,0.554701227437804
PARA,0.0677048761026034,0.092254269650878,0.8969700682983672,0.1251891414045279,644250.0,0.4087212023273299,0.823801269305423,0.578222994562236,0.602893121063051,0.09805082441054225,0.5568090901269919
PAYC,0.1904911457101035,0.2343839007990836,0.0317611048746449,0.3226209005558365,210696.5,0.4143890626234522,0.8612309207133435,0.5847900395271263,0.6948430476324197,0.09387711457513555,0.5907364754168379
PAYX,0.3048150951400362,0.4443223497318797,0.2658114885789073,0.4455892505241429,1526720.0,0.4128558320015222,0.8960809539330004,0.5944901648483787,0.7521131180534442,0.10654613979480589,0.617938563378079
PCAR,0.1049828669068468,0.2387372186107956,0.9265769146661578,0.1640623295524728,1868340.0,0.4085272521070763,0.8351649356620175,0.5849911829029657,0.6209975375514917,0.10983482908914127,0.5676163636031976
PCG,0.0400345042004494,0.0432199162995891,2.0646095876992923,0.2839068657774407,-9541000.0,0.4010721626710513,0.8153663491963925,0.5759573811170955,0.6768127536696873,0.0,0.5571413372628989
PEG,0.1252359875862209,0.0851501072234719,1.3137757558346856,0.330975509407761,-558800.0,0.40599076782254073,0.8413388120194862,0.5778947494685017,0.698734041025542,0.08646936648784984,0.583061382383814
PEP,0.0998418104235629,0.4999430460186181,2.62574511257927,0.1800871201184788,6723000.0,0.3973962440240395,0.8335977575674891,0.5970600977367054,0.6284607659711124,0.15656941245556655,0.5780046915895657
PFE,0.1584310253353944,0.1494039661745438,0.5584810136726995,0.2737978862471916,15536000.0,0.410938595760002,0.8514578480924613,0.5808635743186795,0.672104696923937,0.2414099333588442,0.6034118794135963
PG,0.1774615469010222,0.301787647608716,0.7012912466555615,0.2684736452685744,15197000.0,0.4100030663288221,0.85725903246421,0.5879044037348217,0.6696250372727951,0.23814646614152762,0.605419394922068
PHM,0.1477043621810777,0.2528611120723688,0.3534272619435148,0.1975110865611709,1329398.5,0.41228187358897617,0.8481879770888084,0.5856437719703697,0.6365756328083412,0.10464657564577422,0.5745270191726436
PH,0.1198643261360924,0.2159105442685511,1.0409855976481883,0.21752136581518,2628869.4,0.4077777771718659,0.8397013372741228,0.5839364851907898,0.645895023548453,0.11715625317381813,0.5757344271966006
PKG,0.0968852311462023,0.2074634230201258,0.788820057360517,0.2008531983132456,655540.0,0.40942967759623394,0.832696486341763,0.5835461892010363,0.6381321550796865,0.09815951038364992,0.5692606019727923
PLD,0.4727669068924661,0.0572832722241236,0.473510306272179,0.9210123236456118,3858133.75,0.41149522672335115,0.9472786797643757,0.5766071730708745,0.9735319862781864,0.1289900700105172,0.6848524929522719
PM,0.2687229839644273,-1.0292959388378524,-4.564740456088482,0.4226535223752585,9509500.0,0.4445000875894386,0.8850787861483017,0.5264021983635363,0.7414312575049158,0.18339434284215264,0.6101872206894553
PNR,0.1335247755187311,0.1924305177602789,0.595559328983338,0.1870999432575266,471425.0,0.41069570101424646,0.8438655313660367,0.5828515995929664,0.6317268492773207,0.09638708186826278,0.570138627440745
PNW,0.132267310675242,0.0917956280605802,1.411621935700911,0.4101583401494317,-550216.0,0.40534979147874917,0.8434822110575041,0.5782018032038829,0.7356118741743184,0.08655200248370071,0.5928417516293564
PODD,0.0369731516144715,0.0831705928582136,2.2299280307693885,0.1307977304267971,-68775.0,0.3999891851716204,0.8144331393147325,0.5778032867682873,0.6055052101766378,0.09118671316385445,0.5531123345566547
POOL,0.1073921630506543,0.5439445674856176,1.17304005823543,0.1506357348697767,480269.75,0.40691270726883755,0.8358993753928557,0.5990931711195249,0.6147443673398824,0.09647222803838183,0.5675963333957067
PPG,0.0739413058891665,0.1864112407623302,1.0709913063895802,0.1413424303233514,1347600.0,0.4075812140611934,0.8257023564032492,0.5825734812134116,0.6104161950422548,0.10482179688045265,0.5611543991029161
PPL,0.0491768348487367,0.0273027830143863,1.0361889303234215,0.404680706342416,-71000.0,0.4078091994541504,0.8181532589242897,0.575221936093059,0.7330607748552722,0.09116529365188239,0.5860647064613527
PSA,0.5423142993073578,0.2217340978513051,0.6691299347428218,0.8536572494303393,2469583.2,0.4102137504878721,0.9684792151559994,0.5842055602451921,0.9421626961761707,0.11562284523319591,0.6820766697281071
PSX,0.0191133269460516,0.1214398168341703,0.627196619447956,0.0471546781855988,4166000.0,0.41048844964482956,0.8089888252747146,0.5795715015493381,0.5665501173147959,0.13195382049486293,0.5496195290734245
PWR,0.0355028887942519,0.1112802823353747,0.6440105913602405,0.0848223654757577,888273.6,0.4103783037172555,0.813984950563541,0.5791020841636955,0.5840930956849255,0.10039997785848201,0.5503928596535385
PYPL,0.146748518738028,0.1871841865827125,0.4471209098656807,0.2319671940678239,5254000.0,0.41166809988862574,0.847896601782854,0.5826091948778802,0.652622881582916,0.142427721180528,0.5833131377268542
QCOM,0.2436273864220731,0.6887968052405447,1.3728375811335332,0.3351300959896564,8461000.0,0.4056038622439124,0.8774287494553846,0.6057860130759616,0.700668957336745,0.17330069866116016,0.6125264209905881
QRVO,0.0817609573308591,0.0771491268574608,0.4760230971506533,0.2156721385533169,816859.8,0.4114787657893402,0.8280860661497021,0.5775250672466995,0.6450337826231363,0.09971249527687727,0.56876597987535
REGN,0.3934293378315014,0.2731354351548777,0.1528999636285477,0.4686003145655739,3899625.0,0.4135954992683849,0.923093747988239,0.5865805392738513,0.7628300647999453,0.12938949577506142,0.6288940623086066
REG,0.255105189169213,0.0486764823869995,0.7030192695323456,0.6704166586266245,633478.0,0.4099917462978606,0.8809275947019062,0.5762094996553654,0.8568220248406309,0.0979471250923566,0.6341810231931153
RL,0.0700571903950711,0.188299743912338,1.2518993835835164,0.1374943940577641,567640.0,0.40639611109610396,0.8245183389277055,0.582660738775415,0.6086240484616945,0.09731331932641651,0.5591873905497766
RMD,0.2029229429622966,0.2183092098534272,0.2767185199909746,0.3289444440932126,789422.0,0.41278438159716624,0.865020577643316,0.5840473146119622,0.6977881126332047,0.09944835851931005,0.592909693159734
ROK,0.1432951595370022,0.4481119607383226,1.3961685091502738,0.2136119720606527,1018280.0,0.40545102466805727,0.8468438942489096,0.5946652623680001,0.6440743009341949,0.10165151657364822,0.577188694340629
ROL,0.1382170765986366,0.3366006310814675,0.4436412490307574,0.2248490188561608,447435.4,0.41169089464957254,0.8452959127456755,0.5895129242521876,0.6493077326381168,0.09615614005954143,0.5766216528828835
ROP,0.386159594093858,0.1382541954621839,0.597495658767955,0.4016232041631514,1506950.0,0.4106830163944951,0.9208776697997354,0.5803484034494895,0.7316368038483908,0.10635581900753052,0.6152373937649831
ROST,0.07379687667841,0.3379243270235314,1.4037800247466443,0.123561411332099,1486930.6,0.40540116271693827,0.8256583292084414,0.5895740851142904,0.602135038061218,0.10616309730956489,0.560806443964116
RSG,0.1112739732012546,0.1550808070672208,1.1667321814737552,0.2786732874203762,1679580.0,0.40695402926821767,0.837082690117158,0.5811258705696413,0.6743753183366095,0.10801768433415401,0.580044025332797
RTX,0.030415859460983,0.0315309562355018,0.5206393888137194,0.1350224210114947,3844500.0,0.4111864908375452,0.8124342418788096,0.5754172972112024,0.6074727760369184,0.1288588213492367,0.5592785510678726
RVTY,0.235887655853819,0.1230151366143583,0.6139043345187275,0.3584587246056794,689338.75,0.4105755255041653,0.8750694024527677,0.5796442885941436,0.7115338034862616,0.09848488239725252,0.5973921585432976
SBAC,0.1333949173271567,-0.0672793927230857,-2.8146858765562808,0.5814752916882979,1133400.0,0.43303573009119134,0.8438259459395991,0.5708518030256099,0.8153993469791081,0.10275974768296234,0.6162368091476428
SBUX,0.1023965128390846,-0.4698436600461343,-3.3520923482901344,0.1979988682884874,2938120.0,0.43655620310151055,0.8343765223362992,0.5522514758214122,0.6368028074746735,0.12013333044530924,0.5675333212850436
SHW,0.1016210017815957,0.6805195097772614,3.659497721928376,0.1747201656519827,2250100.0,0.3906242783854067,0.8341401187983664,0.6054035638213203,0.6259612133600391,0.11350993600619963,0.572465142234402
SJM,0.0670093491804747,0.0672367454094642,0.7219041830967888,0.170551042629287,834250.0,0.40986803392742466,0.8235892477958249,0.57706706947275,0.6240195269898045,0.09987990633175214,0.5621377504071001
SLB,0.0022727085436488,-0.0135812456507079,0.8687927621997863,0.1029184912029755,3227400.0,0.40890578783353626,0.8038552017978332,0.573332905266619,0.5925210073793785,0.12291815580408608,0.5517555807649243
SMCI,0.0503541266794957,0.1764159097451559,0.1812101197761191,0.0652840004588011,32767.75,0.4134100434804896,0.8185121396279023,0.5821116507865085,0.5749934896422227,0.09216423952309095,0.549069960290671
SNA,0.1808888037623788,0.1897839967686734,0.3053098905060437,0.2721337292169957,872425.0,0.41259708361413006,0.8583037830704141,0.582729318108015,0.6713296487889046,0.10024740739671102,0.5843875069627531
SNPS,0.1991670064192411,0.1854376594188944,0.1223996215905788,0.2578127209751575,1267821.0,0.41379530265110886,0.8638756337015688,0.5825284972617354,0.6646599231991773,0.10405378463523052,0.5847536115010158
SOLV,0.126620543555129,0.1216900498580938,1.13242674961265,0.2662665979873805,1651200.0,0.407178759250692,0.8417608742536159,0.5795830634700054,0.6685971487693787,0.10774447725560697,0.5793648191366603
SO,0.142148507269132,0.1041971248964028,1.697326002372007,0.4265341888835937,-1153000.0,0.40347818496011356,0.8464943535811323,0.5787748095973764,0.7432386009739479,0.08074915344793976,0.5945871325513163
SPGI,0.2859381688598182,0.3095871500561468,0.6469315886123591,0.4832971606704072,3569200.0,0.41035916868161637,0.8903265909038102,0.588264776746855,0.7696748294211483,0.12620857791287313,0.6220337528230461
SPG,0.3715820989842939,0.4976318147589439,6.790950854898467,0.8547118989580597,2801534.0,0.37011057634134137,0.9164339273349157,0.5969533081849144,0.9426538782790257,0.11881845158588622,0.668844103821731
SRE,0.1950730479820532,0.0922880433027296,0.9451674873273904,0.3399358579912441,-2519200.0,0.40840546792184107,0.8626276485834259,0.5782245550608354,0.7029071456862557,0.06759709175974526,0.586919947888775
STE,0.0718516610805529,0.0573865832008436,0.5093446300535874,0.265085272474541,489926.4,0.4112604811883588,0.8250653578446743,0.5766119465148355,0.668046969838557,0.09656519016435264,0.5730418951930055
STLD,0.1293668599132684,0.3362751026940935,0.475817090795042,0.1972696624588837,1449946.6,0.41148011530754114,0.8425980498129811,0.5894978833381997,0.6364631943203652,0.10580706170022791,0.5741588526536748
STX,0.0590133613629871,3.34803786671288,8.169131140812215,0.150098042925548,871600.0,0.3610823142062397,0.8211517844082064,0.7286552239652897,0.6144939479797891,0.10023946533047419,0.5922193903085164
STZ,0.0983087152101303,0.0758973549155037,1.1073121135231867,0.2302350065750436,1713225.0,0.4073432816432708,0.8331304152530971,0.5774672296053701,0.6518161496090422,0.10834157623541246,0.5725890132165163
SWKS,0.2305916307730007,0.2043598184839827,0.299643029753059,0.3707101083168241,1200740.0,0.4126342064092273,0.8734549843809727,0.5834027883466371,0.7172396424933971,0.10340801282282694,0.6002989763695984
SWK,0.0620117978022903,0.0830741200247341,0.6396513239016407,0.1039260294851355,170175.0,0.41040686065551346,0.8220658151956118,0.5777988292781058,0.5929902483538736,0.09348702434844973,0.5532774629247166
SW,0.067995814088672,0.1555073222633195,0.785720598547637,0.1638056956377069,662912.275,0.4094499817080586,0.8238899576207752,0.5811455775403015,0.6208780153949786,0.09823048140954829,0.5621579580212519
SYK,0.1275478948430214,0.1420948741382014,0.8480797642857189,0.221821316028688,2675000.0,0.40904147572334526,0.8420435641305007,0.5805258605311504,0.6478976400883836,0.11760034078684216,0.5761609648778695
SYY,0.0205601873635635,0.8638962076197073,6.927434897292256,0.0493570031211578,1796033.2,0.36921648888080827,0.8094298801356246,0.6138764136452161,0.5675758064793813,0.10913874982250685,0.5510129864265123
TDG,0.1534708354617473,-0.3353251276416485,-6.697956416104722,0.4478497210304168,1151000.0,0.4584744805441602,0.8499458046165809,0.5584668528949666,0.7531658873645094,0.1029291784293481,0.6016814610378324
TDY,0.1320907248146771,0.0938490795473971,0.402597881004781,0.223583304321743,596475.0,0.41195976388912936,0.8434283813644478,0.5782966821403736,0.6487182511940078,0.0975909065748275,0.5734454410498444
TECH,0.1875170793243987,0.1134868130816483,0.2230526659108908,0.3170188829571478,255316.8,0.41313593893933054,0.8603243187908584,0.5792040360685173,0.6922340190290481,0.09430666291223536,0.5884001868028743
TEL,0.0999910762840928,0.142918680359649,0.4023844464117798,0.1840333657213781,1879500.0,0.4119611620686521,0.8336432591463268,0.5805639241808968,0.6302986516029433,0.10994226358514496,0.5688139144771787
TER,0.2205928592081728,0.2846494973571765,0.0924501545737623,0.2976035822215916,593756.2,0.41399149733027973,0.8704070007963646,0.5871125420912806,0.6831917277349284,0.09756473337520968,0.5912116773949528
TFX,0.1387066574148019,0.1000743740358243,0.5453810978662228,0.2696017198124185,401915.0,0.41102441143670077,0.8454451545081596,0.5785843194788716,0.6701504156208234,0.09571792668750857,0.57900510254876
TGT,0.0440531073800627,0.349896117786743,1.372706835450379,0.0874278476738446,3815500.0,0.40560471874020143,0.8165913633338894,0.5901272371039011,0.5853065473495499,0.12857964568757835,0.557853705673992
TJX,0.0557478564704181,0.4311716653640836,2.1154441643111737,0.0971010772769886,3242000.0,0.40073915262304094,0.8201563415937091,0.5938825425329985,0.5898116622080772,0.12305870630961062,0.5594953577924419
TMO,0.1672775013592298,0.1616128479415709,0.7528311523556759,0.2836694678184266,7081000.0,0.409665435770734,0.8541545707375839,0.581427681006971,0.6767021902780987,0.16001578786500414,0.5930400222624875
TMUS,0.0552404955130704,0.0640879429114629,1.642089985663672,0.2962554681193647,-1068500.0,0.4038400282133068,0.8200016798075646,0.5769215802638997,0.6825638703261724,0.08156261356553046,0.5724901774555694
TPR,0.1340280944163024,0.3308035350503574,1.7379850192241049,0.2042573292023891,976175.0,0.40321183355017964,0.8440189609876332,0.5892450716587873,0.6397175615342243,0.10124618239316116,0.5737535092591534
TRGP,-0.0275060086054728,0.0181972266516798,1.936421933878481,0.1153486383264687,1115850.0,0.401911901675452,0.7947775825670377,0.5748012173619883,0.5983101019007706,0.10259079827392427,0.547552035366083
TRMB,0.1050593009076331,0.0946118160595973,0.4837197159299444,0.2098214105349062,560500.0,0.4114283463394296,0.8351882354822197,0.5783319240876826,0.642308922073938,0.09724458435316684,0.569686792697878
TROW,0.3093545198249033,0.2120897344775896,0.0262591789340151,0.4532887278820691,1839300.0,0.4144251049541601,0.897464733113606,0.5837599461433242,0.7556989969451035,0.10955526835760476,0.6171067197995651
TSCO,0.0753886237518405,0.4838235364958225,2.057819546180072,0.1229871671382416,693640.5,0.4011166432628652,0.8261435507098237,0.5963153019964154,0.6018675952157253,0.09852629425596075,0.5609722204451718
TSLA,0.1127909276704976,0.2029560088506872,0.2689787635504245,0.163608903517813,3962000.0,0.41283508363573207,0.8375451121547927,0.583337925862231,0.6207863633677088,0.12998996411630073,0.5711993533272014
TSN,0.032174478089235,0.0864339467713154,0.5482849800935578,0.07703028880302,1391200.0,0.4110053885191437,0.8129703318050315,0.5779540687812325,0.5804640904987233,0.10524152304763555,0.5497338900803065
TTWO,-0.2639200572561997,-0.2388271475468232,0.2947428747383877,-0.0178819526706917,44900.0,0.4126663066245818,0.7227101156001012,0.5629255049662085,0.5362605962303386,0.09228103362382042,0.5105828399051934
TXN,0.3878479946963897,0.5116012098338969,0.6580838249807164,0.5217559753740894,4110000.0,0.4102861119746273,0.9213923547575218,0.5975987587137621,0.7875862596953342,0.13141472266545368,0.6373851628889353
TXT,0.0575379773962898,0.1107514677263482,0.5872965580884448,0.1058710294374562,888400.0,0.4107498292457731,0.820702034548203,0.5790776504879903,0.5938960935105094,0.10040119467929695,0.5545541067631475
TYL,0.1124113069446429,0.071655038343361,0.3110787694818985,0.2119345273648421,325374.75,0.41255929251223145,0.8374293901650182,0.5772712149991301,0.6432930643324092,0.09498109306898286,0.5700015105857099
T,0.0537207535192278,0.0412538361531315,1.1958458610697635,0.3006530752351729,21542800.0,0.4067633097130211,0.8195384080326231,0.5758665391397959,0.6846119686317221,0.2992358769605472,0.6055659414664194
UAL,-0.1187418375013228,-0.2972385981081348,5.574341898294478,-0.0067836791462163,-1228250.0,0.378080407783859,0.7669656351693317,0.560226626349542,0.54142939703528,0.0800247407396711,0.516967166527875
UBER,-0.1643905585216348,-0.2581093489966601,0.8945616505355595,-0.1123717662881683,880200.0,0.40873697952797317,0.7530502705241684,0.5620345782613393,0.4922538393588583,0.10032225535427632,0.5077567082920302
UDR,0.1214358556706154,0.0376458803760603,1.1972635830671792,0.7287975728249805,508003.5,0.4067540224187838,0.8401803957457457,0.5756998349302096,0.8840117778807048,0.09673921383171002,0.6301592864557999
UHS,0.0644976133022846,0.1372144005025701,0.7842467213917852,0.1365275542693853,654843.8,0.40945963686671527,0.8228235807660345,0.5803003601231339,0.608173762003589,0.09815280824242074,0.558493310646224
ULTA,0.0949248644594839,0.4825900894627886,0.9902419193753668,0.1619740280086757,939088.75,0.4081101917578448,0.8320988963836176,0.5962583110504578,0.6200249525204294,0.10088916244894816,0.5680399335317529
UNH,0.0562378175872414,0.2146821595380427,0.6296292387545916,0.0928408192183098,19060800.0,0.4104725139033306,0.8203056992854506,0.5838797281465741,0.587827531502126,0.2753422910213738,0.5803518347770767
UNP,0.2775705693852457,0.4460189198888308,2.2600746275475005,0.5146879706316299,5416000.0,0.39979169912354984,0.8877758469773475,0.5945685542202274,0.7842944766516395,0.14398725418703326,0.6282369775027135
UPS,0.0791811889522597,0.8570267400966859,9.599055636826757,0.143954675586078,6984400.0,0.3517150831441126,0.827299660377845,0.6135590125393094,0.6116327964701173,0.1590858441092732,0.5721572522776202
VICI,0.6457168008138632,0.0953229506512253,0.6260614198255838,0.8885834881558029,1634472.8,0.4104958861753555,1.0000000000000002,0.5783647817880901,0.9584288992427675,0.10758344873396244,0.6913855261853443
VLO,0.030889371340726,0.1975372456426088,0.623074178888382,0.0684430223419156,6112000.0,0.4105154551639105,0.8125785852541149,0.5830875539914672,0.5764647414379422,0.1506874700668337,0.5566873861972971
VLTO,0.1746003235360761,0.3779375302792604,0.6931391136943971,0.2446423592568631,862333.3333333334,0.4100564697870531,0.85638682913486,0.5914228797874833,0.6585260884094002,0.10015025747536957,0.5826121349329466
VMC,0.1120823470668181,0.1082813760138506,0.6335829236192865,0.2534928795926751,602040.0,0.41044661387869463,0.8373291114156635,0.5789635208500511,0.6626480427417573,0.09764447942162503,0.5754265020529812
VRSK,0.3032388349823776,0.682251109038223,3.2527916805810464,0.5809696743478081,839000.0,0.3932885515510751,0.895600453398063,0.6054835716994528,0.815163865729637,0.09992563337978239,0.6333796728688631
VRSN,0.5639391295145233,-0.5393082000853262,-1.2489899280881855,0.7066060286556644,763172.0,0.4227790796434129,0.9750712376923714,0.5490418934548252,0.8736765062628,0.09919565641177447,0.6566046657786065
VRTX,0.287504665430209,0.1899487134480171,0.0770913622624933,0.3845479233552839,2236100.0,0.41409211058420736,0.8908041151477575,0.5827369287788581,0.7236843304308214,0.11337516154884732,0.6077218288801072
VST,-0.0054332328427929,-0.007360493069401,1.9598810843857088,0.1991353199391478,1207200.0,0.4017582241323825,0.8015061549476733,0.5736203327480447,0.6373320872940758,0.10347020160814807,0.5588109964019089
VTRS,0.0010821535843758,0.0025500470763329,1.0259533055119283,0.2601777549950858,1973200.0,0.40787625156979823,0.8034922780177558,0.5740782454453309,0.6657613908931354,0.11084428977471006,0.5682472472122418
VTR,0.0269773133319844,0.0095672399132152,1.2375375848699823,0.4466509482251422,664409.5,0.40649019318742585,0.8113860498996096,0.5744024721425709,0.752607582703232,0.09824489481575609,0.5899847797274591
VZ,0.1259483765992833,0.2017505123842086,2.018141828014808,0.3357428133332472,5716400.0,0.40137656632531216,0.8415559736981576,0.5832822263614553,0.7009543182887678,0.1468791289719356,0.5936176555654168
V,0.5189145320599375,0.4019797157820716,0.5951861021376358,0.6963146994434021,16152200.0,0.410698145969985,0.9613461282571373,0.592533739725525,0.868883523768816,0.2473419348317365,0.6838619527596286
WAB,0.077071563860438,0.0667940049781335,0.3986978394940127,0.1766593439381201,996400.0,0.41198531250381853,0.8266565711135428,0.5770466128213337,0.6268643471910991,0.10144088335030046,0.5640565465344208
WAT,0.2263333027679786,1.4299721273411703,3.841928785592521,0.341055825427442,525692.6,0.3894291985535592,0.8721568935332089,0.6400317338857653,0.7034287483096692,0.09690950232124936,0.6073836891357042
WBA,-0.0012941187024516,-0.0123464026846586,1.392691183368049,0.0035126463394718,1939600.0,0.4054738041324075,0.802767905140963,0.5733899607111248,0.5462247064445315,0.11052083107706451,0.5377211481489552
WBD,-0.0825460297183338,-0.0905736051239092,1.0616073818313254,0.4956837136983815,4195000.0,0.40764268681017535,0.7779994133928751,0.5697755028971841,0.775443620857064,0.1322329961565213,0.5914038523912766
WDC,-0.0277848315841335,-0.0185325851240581,0.6637127107038114,0.0686699324820586,-256200.0,0.41024923794852486,0.7946925873397281,0.5731041305298152,0.5765704203358747,0.08938242011605044,0.5405240713636146
WEC,0.1554199719062356,0.1162877443361739,1.448044121476999,0.3877191719001867,123180.0,0.40511119494382497,0.8505399711947893,0.5793334520203034,0.7251612765518025,0.0930346153753589,0.5932249867424101
WELL,0.0893755609997228,0.0244540740579993,0.7245366470392595,0.3561521204238432,1443527.6,0.4098507890322707,0.8304072699931458,0.5750903125909269,0.7104595483306769,0.10574526761153188,0.5858361517736443
WMB,0.1617991619423342,0.120147315850772,1.6560724756468763,0.5291855799977155,2724000.0,0.4037484309192806,0.8524845767282851,0.5795117820383074,0.7910464507128204,0.11807205138757523,0.6138463531699176
WMT,0.0227683214972444,0.1533654000955743,0.6812397513769637,0.0552383748456724,15997250.0,0.41013442080938334,0.8101029984830571,0.5810466108500114,0.5703149387270042,0.24585027039125507,0.5682571196546449
WM,0.1094552464331343,0.2949526343707459,2.06637851744198,0.270178302676669,2018800.0,0.4010605746650562,0.8365282770776984,0.5875885945759098,0.6704189476556738,0.11128326943580043,0.5804325027091961
WST,0.1963091989140444,0.2218929514366011,0.1343127716198255,0.2768285187286808,367940.0,0.41371726130744857,0.8630044716485773,0.5842129000140288,0.6735161539019308,0.09539085795975538,0.5858637362158425
WTW,0.1844630519977837,0.1434949066359513,0.5454602852258793,0.2566520780386589,1231600.0,0.4110238926916222,0.8593933419105372,0.5805905484944608,0.6641193767681317,0.10370509423381924,0.5826839701975175
WYNN,-0.2132041537429952,0.4995247822143546,-12.988717652205688,0.1120365805057367,-140797.8,0.4996843585618249,0.7381701389024219,0.5970407720184326,0.5967675766519508,0.0904933678933549,0.546537062933387
WY,0.150847263883421,0.1327778810337826,0.5177080872578196,0.2787997488917161,1366400.0,0.41120569337520607,0.8491460460610487,0.5800953724467165,0.6744342152590375,0.10500277972318289,0.5827898947376987
XEL,0.1238726483481823,0.1046152271294481,1.5579316589059569,0.3635741427976796,-1464000.0,0.40439133738713984,0.8409232174046026,0.5787941278503131,0.7139162080656867,0.07775523514532777,0.5855108073406637
XOM,0.0610575361949097,0.1240342463297062,0.2690314852201267,0.1979546391854132,31538200.0,0.41283473826360695,0.8217749220898078,0.5796913761667404,0.6367822086470211,0.3954590634619226,0.6101644600715413
XYL,0.0744778067979248,0.1065631449735139,0.6258381842647196,0.1485229715417518,563000.0,0.4104973485596183,0.8258659010899561,0.5788841306454133,0.613760389717916,0.09726865122055117,0.560267637902366
YUM,0.2076145318860935,-0.168855842625908,-1.4700509550457384,0.3415839812337644,1291000.0,0.4242272188452477,0.8664507419322737,0.5661585022093277,0.7036747264026432,0.10427692300287117,0.5921352529710167
ZBH,0.0680986432981978,0.0404652600857748,0.5465267300763117,0.2422975709025743,1170420.0,0.4110169065637834,0.8239213036456965,0.575830103285775,0.6574340497327233,0.10311612985518966,0.5708654743007056
ZBRA,0.1016797100801327,0.1956195538447652,0.6595748415049413,0.1798566250277334,556750.0,0.4102763445384173,0.8341580151898441,0.5829989477792122,0.6283534174535297,0.09720848405209033,0.5669865021673017
ZTS,0.2612518035305889,0.4723163610513303,1.6521128937388958,0.4112338246786719,1691800.0,0.40377436957460466,0.8828013028422435,0.5957836173789829,0.7361127597659538,0.10813532318192867,0.6102721554315449
